Edad simple;Comunidades y ciudades autónomas;Sexo;Periodo;Total
Todas las edades;Total Nacional;Total;1 de enero de 2024;48.619.695
Todas las edades;Total Nacional;Total;1 de octubre de 2023;48.486.865
Todas las edades;Total Nacional;Total;1 de julio de 2023;48.320.520
Todas las edades;Total Nacional;Total;1 de abril de 2023;48.205.962
Todas las edades;Total Nacional;Total;1 de enero de 2023;48.085.361
Todas las edades;Total Nacional;Total;1 de octubre de 2022;47.940.295
Todas las edades;Total Nacional;Total;1 de julio de 2022;47.781.354
Todas las edades;Total Nacional;Total;1 de abril de 2022;47.609.145
Todas las edades;Total Nacional;Total;1 de enero de 2022;47.486.727
Todas las edades;Total Nacional;Total;1 de octubre de 2021;47.424.595
Todas las edades;Total Nacional;Total;1 de julio de 2021;47.346.836
Todas las edades;Total Nacional;Total;1 de abril de 2021;47.356.065
Todas las edades;Total Nacional;Total;1 de enero de 2021;47.400.798
Todas las edades;Total Nacional;Total;1 de octubre de 2020;""
Todas las edades;Total Nacional;Total;1 de julio de 2020;47.344.852
Todas las edades;Total Nacional;Total;1 de abril de 2020;""
Todas las edades;Total Nacional;Total;1 de enero de 2020;47.318.050
Todas las edades;Total Nacional;Total;1 de octubre de 2019;""
Todas las edades;Total Nacional;Total;1 de julio de 2019;47.087.778
Todas las edades;Total Nacional;Total;1 de abril de 2019;""
Todas las edades;Total Nacional;Total;1 de enero de 2019;46.918.951
Todas las edades;Total Nacional;Total;1 de octubre de 2018;""
Todas las edades;Total Nacional;Total;1 de julio de 2018;46.715.383
Todas las edades;Total Nacional;Total;1 de abril de 2018;""
Todas las edades;Total Nacional;Total;1 de enero de 2018;46.645.070
Todas las edades;Total Nacional;Total;1 de octubre de 2017;""
Todas las edades;Total Nacional;Total;1 de julio de 2017;46.510.461
Todas las edades;Total Nacional;Total;1 de abril de 2017;""
Todas las edades;Total Nacional;Total;1 de enero de 2017;46.497.393
Todas las edades;Total Nacional;Total;1 de octubre de 2016;""
Todas las edades;Total Nacional;Total;1 de julio de 2016;46.427.100
Todas las edades;Total Nacional;Total;1 de abril de 2016;""
Todas las edades;Total Nacional;Total;1 de enero de 2016;46.418.884
Todas las edades;Total Nacional;Total;1 de octubre de 2015;""
Todas las edades;Total Nacional;Total;1 de julio de 2015;46.384.379
Todas las edades;Total Nacional;Total;1 de abril de 2015;""
Todas las edades;Total Nacional;Total;1 de enero de 2015;46.425.722
Todas las edades;Total Nacional;Total;1 de octubre de 2014;""
Todas las edades;Total Nacional;Total;1 de julio de 2014;46.433.050
Todas las edades;Total Nacional;Total;1 de abril de 2014;""
Todas las edades;Total Nacional;Total;1 de enero de 2014;46.495.744
Todas las edades;Total Nacional;Total;1 de octubre de 2013;""
Todas las edades;Total Nacional;Total;1 de julio de 2013;46.581.124
Todas las edades;Total Nacional;Total;1 de abril de 2013;""
Todas las edades;Total Nacional;Total;1 de enero de 2013;46.712.650
Todas las edades;Total Nacional;Total;1 de octubre de 2012;""
Todas las edades;Total Nacional;Total;1 de julio de 2012;46.749.303
Todas las edades;Total Nacional;Total;1 de abril de 2012;""
Todas las edades;Total Nacional;Total;1 de enero de 2012;46.818.216
Todas las edades;Total Nacional;Total;1 de octubre de 2011;""
Todas las edades;Total Nacional;Total;1 de julio de 2011;46.736.257
Todas las edades;Total Nacional;Total;1 de abril de 2011;""
Todas las edades;Total Nacional;Total;1 de enero de 2011;46.667.175
Todas las edades;01 Andalucía;Total;1 de enero de 2024;8.631.862
Todas las edades;01 Andalucía;Total;1 de octubre de 2023;8.621.027
Todas las edades;01 Andalucía;Total;1 de julio de 2023;8.605.343
Todas las edades;01 Andalucía;Total;1 de abril de 2023;8.594.652
Todas las edades;01 Andalucía;Total;1 de enero de 2023;8.584.147
Todas las edades;01 Andalucía;Total;1 de octubre de 2022;8.564.311
Todas las edades;01 Andalucía;Total;1 de julio de 2022;8.543.098
Todas las edades;01 Andalucía;Total;1 de abril de 2022;8.523.896
Todas las edades;01 Andalucía;Total;1 de enero de 2022;8.511.167
Todas las edades;01 Andalucía;Total;1 de octubre de 2021;8.497.126
Todas las edades;01 Andalucía;Total;1 de julio de 2021;8.488.215
Todas las edades;01 Andalucía;Total;1 de abril de 2021;8.482.645
Todas las edades;01 Andalucía;Total;1 de enero de 2021;8.484.804
Todas las edades;01 Andalucía;Total;1 de octubre de 2020;""
Todas las edades;01 Andalucía;Total;1 de julio de 2020;8.465.909
Todas las edades;01 Andalucía;Total;1 de abril de 2020;""
Todas las edades;01 Andalucía;Total;1 de enero de 2020;8.461.039
Todas las edades;01 Andalucía;Total;1 de octubre de 2019;""
Todas las edades;01 Andalucía;Total;1 de julio de 2019;8.432.071
Todas las edades;01 Andalucía;Total;1 de abril de 2019;""
Todas las edades;01 Andalucía;Total;1 de enero de 2019;8.412.222
Todas las edades;01 Andalucía;Total;1 de octubre de 2018;""
Todas las edades;01 Andalucía;Total;1 de julio de 2018;8.392.082
Todas las edades;01 Andalucía;Total;1 de abril de 2018;""
Todas las edades;01 Andalucía;Total;1 de enero de 2018;8.396.464
Todas las edades;01 Andalucía;Total;1 de octubre de 2017;""
Todas las edades;01 Andalucía;Total;1 de julio de 2017;8.388.352
Todas las edades;01 Andalucía;Total;1 de abril de 2017;""
Todas las edades;01 Andalucía;Total;1 de enero de 2017;8.394.017
Todas las edades;01 Andalucía;Total;1 de octubre de 2016;""
Todas las edades;01 Andalucía;Total;1 de julio de 2016;8.390.669
Todas las edades;01 Andalucía;Total;1 de abril de 2016;""
Todas las edades;01 Andalucía;Total;1 de enero de 2016;8.392.046
Todas las edades;01 Andalucía;Total;1 de octubre de 2015;""
Todas las edades;01 Andalucía;Total;1 de julio de 2015;8.386.083
Todas las edades;01 Andalucía;Total;1 de abril de 2015;""
Todas las edades;01 Andalucía;Total;1 de enero de 2015;8.388.994
Todas las edades;01 Andalucía;Total;1 de octubre de 2014;""
Todas las edades;01 Andalucía;Total;1 de julio de 2014;8.381.448
Todas las edades;01 Andalucía;Total;1 de abril de 2014;""
Todas las edades;01 Andalucía;Total;1 de enero de 2014;8.381.239
Todas las edades;01 Andalucía;Total;1 de octubre de 2013;""
Todas las edades;01 Andalucía;Total;1 de julio de 2013;8.381.323
Todas las edades;01 Andalucía;Total;1 de abril de 2013;""
Todas las edades;01 Andalucía;Total;1 de enero de 2013;8.387.986
Todas las edades;01 Andalucía;Total;1 de octubre de 2012;""
Todas las edades;01 Andalucía;Total;1 de julio de 2012;8.378.277
Todas las edades;01 Andalucía;Total;1 de abril de 2012;""
Todas las edades;01 Andalucía;Total;1 de enero de 2012;8.377.809
Todas las edades;01 Andalucía;Total;1 de octubre de 2011;""
Todas las edades;01 Andalucía;Total;1 de julio de 2011;8.352.752
Todas las edades;01 Andalucía;Total;1 de abril de 2011;""
Todas las edades;01 Andalucía;Total;1 de enero de 2011;8.332.087
Todas las edades;02 Aragón;Total;1 de enero de 2024;1.351.591
Todas las edades;02 Aragón;Total;1 de octubre de 2023;1.348.452
Todas las edades;02 Aragón;Total;1 de julio de 2023;1.345.247
Todas las edades;02 Aragón;Total;1 de abril de 2023;1.343.282
Todas las edades;02 Aragón;Total;1 de enero de 2023;1.341.289
Todas las edades;02 Aragón;Total;1 de octubre de 2022;1.337.461
Todas las edades;02 Aragón;Total;1 de julio de 2022;1.334.478
Todas las edades;02 Aragón;Total;1 de abril de 2022;1.329.929
Todas las edades;02 Aragón;Total;1 de enero de 2022;1.328.215
Todas las edades;02 Aragón;Total;1 de octubre de 2021;1.332.211
Todas las edades;02 Aragón;Total;1 de julio de 2021;1.330.711
Todas las edades;02 Aragón;Total;1 de abril de 2021;1.331.330
Todas las edades;02 Aragón;Total;1 de enero de 2021;1.331.938
Todas las edades;02 Aragón;Total;1 de octubre de 2020;""
Todas las edades;02 Aragón;Total;1 de julio de 2020;1.331.544
Todas las edades;02 Aragón;Total;1 de abril de 2020;""
Todas las edades;02 Aragón;Total;1 de enero de 2020;1.330.592
Todas las edades;02 Aragón;Total;1 de octubre de 2019;""
Todas las edades;02 Aragón;Total;1 de julio de 2019;1.324.409
Todas las edades;02 Aragón;Total;1 de abril de 2019;""
Todas las edades;02 Aragón;Total;1 de enero de 2019;1.320.694
Todas las edades;02 Aragón;Total;1 de octubre de 2018;""
Todas las edades;02 Aragón;Total;1 de julio de 2018;1.315.878
Todas las edades;02 Aragón;Total;1 de abril de 2018;""
Todas las edades;02 Aragón;Total;1 de enero de 2018;1.313.493
Todas las edades;02 Aragón;Total;1 de octubre de 2017;""
Todas las edades;02 Aragón;Total;1 de julio de 2017;1.315.332
Todas las edades;02 Aragón;Total;1 de abril de 2017;""
Todas las edades;02 Aragón;Total;1 de enero de 2017;1.315.411
Todas las edades;02 Aragón;Total;1 de octubre de 2016;""
Todas las edades;02 Aragón;Total;1 de julio de 2016;1.316.238
Todas las edades;02 Aragón;Total;1 de abril de 2016;""
Todas las edades;02 Aragón;Total;1 de enero de 2016;1.318.042
Todas las edades;02 Aragón;Total;1 de octubre de 2015;""
Todas las edades;02 Aragón;Total;1 de julio de 2015;1.320.887
Todas las edades;02 Aragón;Total;1 de abril de 2015;""
Todas las edades;02 Aragón;Total;1 de enero de 2015;1.325.600
Todas las edades;02 Aragón;Total;1 de octubre de 2014;""
Todas las edades;02 Aragón;Total;1 de julio de 2014;1.327.609
Todas las edades;02 Aragón;Total;1 de abril de 2014;""
Todas las edades;02 Aragón;Total;1 de enero de 2014;1.330.713
Todas las edades;02 Aragón;Total;1 de octubre de 2013;""
Todas las edades;02 Aragón;Total;1 de julio de 2013;1.333.951
Todas las edades;02 Aragón;Total;1 de abril de 2013;""
Todas las edades;02 Aragón;Total;1 de enero de 2013;1.337.675
Todas las edades;02 Aragón;Total;1 de octubre de 2012;""
Todas las edades;02 Aragón;Total;1 de julio de 2012;1.339.987
Todas las edades;02 Aragón;Total;1 de abril de 2012;""
Todas las edades;02 Aragón;Total;1 de enero de 2012;1.343.790
Todas las edades;02 Aragón;Total;1 de octubre de 2011;""
Todas las edades;02 Aragón;Total;1 de julio de 2011;1.344.466
Todas las edades;02 Aragón;Total;1 de abril de 2011;""
Todas las edades;02 Aragón;Total;1 de enero de 2011;1.344.396
Todas las edades;03 Asturias, Principado de;Total;1 de enero de 2024;1.009.599
Todas las edades;03 Asturias, Principado de;Total;1 de octubre de 2023;1.008.299
Todas las edades;03 Asturias, Principado de;Total;1 de julio de 2023;1.006.368
Todas las edades;03 Asturias, Principado de;Total;1 de abril de 2023;1.006.134
Todas las edades;03 Asturias, Principado de;Total;1 de enero de 2023;1.006.060
Todas las edades;03 Asturias, Principado de;Total;1 de octubre de 2022;1.005.533
Todas las edades;03 Asturias, Principado de;Total;1 de julio de 2022;1.004.553
Todas las edades;03 Asturias, Principado de;Total;1 de abril de 2022;1.004.326
Todas las edades;03 Asturias, Principado de;Total;1 de enero de 2022;1.004.960
Todas las edades;03 Asturias, Principado de;Total;1 de octubre de 2021;1.006.430
Todas las edades;03 Asturias, Principado de;Total;1 de julio de 2021;1.007.329
Todas las edades;03 Asturias, Principado de;Total;1 de abril de 2021;1.009.420
Todas las edades;03 Asturias, Principado de;Total;1 de enero de 2021;1.012.117
Todas las edades;03 Asturias, Principado de;Total;1 de octubre de 2020;""
Todas las edades;03 Asturias, Principado de;Total;1 de julio de 2020;1.014.604
Todas las edades;03 Asturias, Principado de;Total;1 de abril de 2020;""
Todas las edades;03 Asturias, Principado de;Total;1 de enero de 2020;1.018.053
Todas las edades;03 Asturias, Principado de;Total;1 de octubre de 2019;""
Todas las edades;03 Asturias, Principado de;Total;1 de julio de 2019;1.019.217
Todas las edades;03 Asturias, Principado de;Total;1 de abril de 2019;""
Todas las edades;03 Asturias, Principado de;Total;1 de enero de 2019;1.021.469
Todas las edades;03 Asturias, Principado de;Total;1 de octubre de 2018;""
Todas las edades;03 Asturias, Principado de;Total;1 de julio de 2018;1.023.596
Todas las edades;03 Asturias, Principado de;Total;1 de abril de 2018;""
Todas las edades;03 Asturias, Principado de;Total;1 de enero de 2018;1.027.091
Todas las edades;03 Asturias, Principado de;Total;1 de octubre de 2017;""
Todas las edades;03 Asturias, Principado de;Total;1 de julio de 2017;1.029.282
Todas las edades;03 Asturias, Principado de;Total;1 de abril de 2017;""
Todas las edades;03 Asturias, Principado de;Total;1 de enero de 2017;1.033.550
Todas las edades;03 Asturias, Principado de;Total;1 de octubre de 2016;""
Todas las edades;03 Asturias, Principado de;Total;1 de julio de 2016;1.036.480
Todas las edades;03 Asturias, Principado de;Total;1 de abril de 2016;""
Todas las edades;03 Asturias, Principado de;Total;1 de enero de 2016;1.040.407
Todas las edades;03 Asturias, Principado de;Total;1 de octubre de 2015;""
Todas las edades;03 Asturias, Principado de;Total;1 de julio de 2015;1.043.486
Todas las edades;03 Asturias, Principado de;Total;1 de abril de 2015;""
Todas las edades;03 Asturias, Principado de;Total;1 de enero de 2015;1.049.328
Todas las edades;03 Asturias, Principado de;Total;1 de octubre de 2014;""
Todas las edades;03 Asturias, Principado de;Total;1 de julio de 2014;1.053.538
Todas las edades;03 Asturias, Principado de;Total;1 de abril de 2014;""
Todas las edades;03 Asturias, Principado de;Total;1 de enero de 2014;1.058.560
Todas las edades;03 Asturias, Principado de;Total;1 de octubre de 2013;""
Todas las edades;03 Asturias, Principado de;Total;1 de julio de 2013;1.062.598
Todas las edades;03 Asturias, Principado de;Total;1 de abril de 2013;""
Todas las edades;03 Asturias, Principado de;Total;1 de enero de 2013;1.067.425
Todas las edades;03 Asturias, Principado de;Total;1 de octubre de 2012;""
Todas las edades;03 Asturias, Principado de;Total;1 de julio de 2012;1.070.365
Todas las edades;03 Asturias, Principado de;Total;1 de abril de 2012;""
Todas las edades;03 Asturias, Principado de;Total;1 de enero de 2012;1.074.304
Todas las edades;03 Asturias, Principado de;Total;1 de octubre de 2011;""
Todas las edades;03 Asturias, Principado de;Total;1 de julio de 2011;1.075.114
Todas las edades;03 Asturias, Principado de;Total;1 de abril de 2011;""
Todas las edades;03 Asturias, Principado de;Total;1 de enero de 2011;1.075.877
Todas las edades;04 Balears, Illes;Total;1 de enero de 2024;1.231.768
Todas las edades;04 Balears, Illes;Total;1 de octubre de 2023;1.229.555
Todas las edades;04 Balears, Illes;Total;1 de julio de 2023;1.222.509
Todas las edades;04 Balears, Illes;Total;1 de abril de 2023;1.213.977
Todas las edades;04 Balears, Illes;Total;1 de enero de 2023;1.209.906
Todas las edades;04 Balears, Illes;Total;1 de octubre de 2022;1.206.684
Todas las edades;04 Balears, Illes;Total;1 de julio de 2022;1.199.002
Todas las edades;04 Balears, Illes;Total;1 de abril de 2022;1.189.263
Todas las edades;04 Balears, Illes;Total;1 de enero de 2022;1.187.043
Todas las edades;04 Balears, Illes;Total;1 de octubre de 2021;1.186.410
Todas las edades;04 Balears, Illes;Total;1 de julio de 2021;1.182.298
Todas las edades;04 Balears, Illes;Total;1 de abril de 2021;1.180.773
Todas las edades;04 Balears, Illes;Total;1 de enero de 2021;1.183.415
Todas las edades;04 Balears, Illes;Total;1 de octubre de 2020;""
Todas las edades;04 Balears, Illes;Total;1 de julio de 2020;1.179.492
Todas las edades;04 Balears, Illes;Total;1 de abril de 2020;""
Todas las edades;04 Balears, Illes;Total;1 de enero de 2020;1.176.816
Todas las edades;04 Balears, Illes;Total;1 de octubre de 2019;""
Todas las edades;04 Balears, Illes;Total;1 de julio de 2019;1.166.084
Todas las edades;04 Balears, Illes;Total;1 de abril de 2019;""
Todas las edades;04 Balears, Illes;Total;1 de enero de 2019;1.157.928
Todas las edades;04 Balears, Illes;Total;1 de octubre de 2018;""
Todas las edades;04 Balears, Illes;Total;1 de julio de 2018;1.148.049
Todas las edades;04 Balears, Illes;Total;1 de abril de 2018;""
Todas las edades;04 Balears, Illes;Total;1 de enero de 2018;1.141.233
Todas las edades;04 Balears, Illes;Total;1 de octubre de 2017;""
Todas las edades;04 Balears, Illes;Total;1 de julio de 2017;1.133.746
Todas las edades;04 Balears, Illes;Total;1 de abril de 2017;""
Todas las edades;04 Balears, Illes;Total;1 de enero de 2017;1.128.492
Todas las edades;04 Balears, Illes;Total;1 de octubre de 2016;""
Todas las edades;04 Balears, Illes;Total;1 de julio de 2016;1.122.995
Todas las edades;04 Balears, Illes;Total;1 de abril de 2016;""
Todas las edades;04 Balears, Illes;Total;1 de enero de 2016;1.117.353
Todas las edades;04 Balears, Illes;Total;1 de octubre de 2015;""
Todas las edades;04 Balears, Illes;Total;1 de julio de 2015;1.113.547
Todas las edades;04 Balears, Illes;Total;1 de abril de 2015;""
Todas las edades;04 Balears, Illes;Total;1 de enero de 2015;1.111.002
Todas las edades;04 Balears, Illes;Total;1 de octubre de 2014;""
Todas las edades;04 Balears, Illes;Total;1 de julio de 2014;1.108.557
Todas las edades;04 Balears, Illes;Total;1 de abril de 2014;""
Todas las edades;04 Balears, Illes;Total;1 de enero de 2014;1.106.617
Todas las edades;04 Balears, Illes;Total;1 de octubre de 2013;""
Todas las edades;04 Balears, Illes;Total;1 de julio de 2013;1.105.776
Todas las edades;04 Balears, Illes;Total;1 de abril de 2013;""
Todas las edades;04 Balears, Illes;Total;1 de enero de 2013;1.105.131
Todas las edades;04 Balears, Illes;Total;1 de octubre de 2012;""
Todas las edades;04 Balears, Illes;Total;1 de julio de 2012;1.101.382
Todas las edades;04 Balears, Illes;Total;1 de abril de 2012;""
Todas las edades;04 Balears, Illes;Total;1 de enero de 2012;1.100.715
Todas las edades;04 Balears, Illes;Total;1 de octubre de 2011;""
Todas las edades;04 Balears, Illes;Total;1 de julio de 2011;1.095.456
Todas las edades;04 Balears, Illes;Total;1 de abril de 2011;""
Todas las edades;04 Balears, Illes;Total;1 de enero de 2011;1.091.656
Todas las edades;05 Canarias;Total;1 de enero de 2024;2.238.754
Todas las edades;05 Canarias;Total;1 de octubre de 2023;2.231.558
Todas las edades;05 Canarias;Total;1 de julio de 2023;2.224.285
Todas las edades;05 Canarias;Total;1 de abril de 2023;2.219.147
Todas las edades;05 Canarias;Total;1 de enero de 2023;2.213.016
Todas las edades;05 Canarias;Total;1 de octubre de 2022;2.205.349
Todas las edades;05 Canarias;Total;1 de julio de 2022;2.197.327
Todas las edades;05 Canarias;Total;1 de abril de 2022;2.189.919
Todas las edades;05 Canarias;Total;1 de enero de 2022;2.185.607
Todas las edades;05 Canarias;Total;1 de octubre de 2021;2.179.969
Todas las edades;05 Canarias;Total;1 de julio de 2021;2.176.916
Todas las edades;05 Canarias;Total;1 de abril de 2021;2.177.938
Todas las edades;05 Canarias;Total;1 de enero de 2021;2.178.924
Todas las edades;05 Canarias;Total;1 de octubre de 2020;""
Todas las edades;05 Canarias;Total;1 de julio de 2020;2.180.408
Todas las edades;05 Canarias;Total;1 de abril de 2020;""
Todas las edades;05 Canarias;Total;1 de enero de 2020;2.176.240
Todas las edades;05 Canarias;Total;1 de octubre de 2019;""
Todas las edades;05 Canarias;Total;1 de julio de 2019;2.163.045
Todas las edades;05 Canarias;Total;1 de abril de 2019;""
Todas las edades;05 Canarias;Total;1 de enero de 2019;2.153.316
Todas las edades;05 Canarias;Total;1 de octubre de 2018;""
Todas las edades;05 Canarias;Total;1 de julio de 2018;2.139.244
Todas las edades;05 Canarias;Total;1 de abril de 2018;""
Todas las edades;05 Canarias;Total;1 de enero de 2018;2.131.581
Todas las edades;05 Canarias;Total;1 de octubre de 2017;""
Todas las edades;05 Canarias;Total;1 de julio de 2017;2.120.386
Todas las edades;05 Canarias;Total;1 de abril de 2017;""
Todas las edades;05 Canarias;Total;1 de enero de 2017;2.115.233
Todas las edades;05 Canarias;Total;1 de octubre de 2016;""
Todas las edades;05 Canarias;Total;1 de julio de 2016;2.106.942
Todas las edades;05 Canarias;Total;1 de abril de 2016;""
Todas las edades;05 Canarias;Total;1 de enero de 2016;2.103.436
Todas las edades;05 Canarias;Total;1 de octubre de 2015;""
Todas las edades;05 Canarias;Total;1 de julio de 2015;2.099.272
Todas las edades;05 Canarias;Total;1 de abril de 2015;""
Todas las edades;05 Canarias;Total;1 de enero de 2015;2.101.319
Todas las edades;05 Canarias;Total;1 de octubre de 2014;""
Todas las edades;05 Canarias;Total;1 de julio de 2014;2.097.304
Todas las edades;05 Canarias;Total;1 de abril de 2014;""
Todas las edades;05 Canarias;Total;1 de enero de 2014;2.098.155
Todas las edades;05 Canarias;Total;1 de octubre de 2013;""
Todas las edades;05 Canarias;Total;1 de julio de 2013;2.096.214
Todas las edades;05 Canarias;Total;1 de abril de 2013;""
Todas las edades;05 Canarias;Total;1 de enero de 2013;2.096.336
Todas las edades;05 Canarias;Total;1 de octubre de 2012;""
Todas las edades;05 Canarias;Total;1 de julio de 2012;2.087.619
Todas las edades;05 Canarias;Total;1 de abril de 2012;""
Todas las edades;05 Canarias;Total;1 de enero de 2012;2.085.928
Todas las edades;05 Canarias;Total;1 de octubre de 2011;""
Todas las edades;05 Canarias;Total;1 de julio de 2011;2.073.985
Todas las edades;05 Canarias;Total;1 de abril de 2011;""
Todas las edades;05 Canarias;Total;1 de enero de 2011;2.064.876
Todas las edades;06 Cantabria;Total;1 de enero de 2024;590.851
Todas las edades;06 Cantabria;Total;1 de octubre de 2023;590.114
Todas las edades;06 Cantabria;Total;1 de julio de 2023;588.662
Todas las edades;06 Cantabria;Total;1 de abril de 2023;588.356
Todas las edades;06 Cantabria;Total;1 de enero de 2023;588.387
Todas las edades;06 Cantabria;Total;1 de octubre de 2022;587.527
Todas las edades;06 Cantabria;Total;1 de julio de 2022;586.319
Todas las edades;06 Cantabria;Total;1 de abril de 2022;585.451
Todas las edades;06 Cantabria;Total;1 de enero de 2022;585.450
Todas las edades;06 Cantabria;Total;1 de octubre de 2021;585.400
Todas las edades;06 Cantabria;Total;1 de julio de 2021;584.569
Todas las edades;06 Cantabria;Total;1 de abril de 2021;584.705
Todas las edades;06 Cantabria;Total;1 de enero de 2021;584.708
Todas las edades;06 Cantabria;Total;1 de octubre de 2020;""
Todas las edades;06 Cantabria;Total;1 de julio de 2020;583.107
Todas las edades;06 Cantabria;Total;1 de abril de 2020;""
Todas las edades;06 Cantabria;Total;1 de enero de 2020;583.011
Todas las edades;06 Cantabria;Total;1 de octubre de 2019;""
Todas las edades;06 Cantabria;Total;1 de julio de 2019;582.260
Todas las edades;06 Cantabria;Total;1 de abril de 2019;""
Todas las edades;06 Cantabria;Total;1 de enero de 2019;581.989
Todas las edades;06 Cantabria;Total;1 de octubre de 2018;""
Todas las edades;06 Cantabria;Total;1 de julio de 2018;581.227
Todas las edades;06 Cantabria;Total;1 de abril de 2018;""
Todas las edades;06 Cantabria;Total;1 de enero de 2018;581.533
Todas las edades;06 Cantabria;Total;1 de octubre de 2017;""
Todas las edades;06 Cantabria;Total;1 de julio de 2017;581.027
Todas las edades;06 Cantabria;Total;1 de abril de 2017;""
Todas las edades;06 Cantabria;Total;1 de enero de 2017;581.421
Todas las edades;06 Cantabria;Total;1 de octubre de 2016;""
Todas las edades;06 Cantabria;Total;1 de julio de 2016;581.446
Todas las edades;06 Cantabria;Total;1 de abril de 2016;""
Todas las edades;06 Cantabria;Total;1 de enero de 2016;582.494
Todas las edades;06 Cantabria;Total;1 de octubre de 2015;""
Todas las edades;06 Cantabria;Total;1 de julio de 2015;583.437
Todas las edades;06 Cantabria;Total;1 de abril de 2015;""
Todas las edades;06 Cantabria;Total;1 de enero de 2015;585.184
Todas las edades;06 Cantabria;Total;1 de octubre de 2014;""
Todas las edades;06 Cantabria;Total;1 de julio de 2014;586.041
Todas las edades;06 Cantabria;Total;1 de abril de 2014;""
Todas las edades;06 Cantabria;Total;1 de enero de 2014;587.491
Todas las edades;06 Cantabria;Total;1 de octubre de 2013;""
Todas las edades;06 Cantabria;Total;1 de julio de 2013;588.408
Todas las edades;06 Cantabria;Total;1 de abril de 2013;""
Todas las edades;06 Cantabria;Total;1 de enero de 2013;589.789
Todas las edades;06 Cantabria;Total;1 de octubre de 2012;""
Todas las edades;06 Cantabria;Total;1 de julio de 2012;590.821
Todas las edades;06 Cantabria;Total;1 de abril de 2012;""
Todas las edades;06 Cantabria;Total;1 de enero de 2012;592.387
Todas las edades;06 Cantabria;Total;1 de octubre de 2011;""
Todas las edades;06 Cantabria;Total;1 de julio de 2011;591.564
Todas las edades;06 Cantabria;Total;1 de abril de 2011;""
Todas las edades;06 Cantabria;Total;1 de enero de 2011;590.874
Todas las edades;07 Castilla y León;Total;1 de enero de 2024;2.391.682
Todas las edades;07 Castilla y León;Total;1 de octubre de 2023;2.389.072
Todas las edades;07 Castilla y León;Total;1 de julio de 2023;2.385.360
Todas las edades;07 Castilla y León;Total;1 de abril de 2023;2.384.028
Todas las edades;07 Castilla y León;Total;1 de enero de 2023;2.383.703
Todas las edades;07 Castilla y León;Total;1 de octubre de 2022;2.380.598
Todas las edades;07 Castilla y León;Total;1 de julio de 2022;2.378.252
Todas las edades;07 Castilla y León;Total;1 de abril de 2022;2.375.530
Todas las edades;07 Castilla y León;Total;1 de enero de 2022;2.375.583
Todas las edades;07 Castilla y León;Total;1 de octubre de 2021;2.375.948
Todas las edades;07 Castilla y León;Total;1 de julio de 2021;2.376.735
Todas las edades;07 Castilla y León;Total;1 de abril de 2021;2.381.418
Todas las edades;07 Castilla y León;Total;1 de enero de 2021;2.385.223
Todas las edades;07 Castilla y León;Total;1 de octubre de 2020;""
Todas las edades;07 Castilla y León;Total;1 de julio de 2020;2.389.195
Todas las edades;07 Castilla y León;Total;1 de abril de 2020;""
Todas las edades;07 Castilla y León;Total;1 de enero de 2020;2.398.976
Todas las edades;07 Castilla y León;Total;1 de octubre de 2019;""
Todas las edades;07 Castilla y León;Total;1 de julio de 2019;2.400.492
Todas las edades;07 Castilla y León;Total;1 de abril de 2019;""
Todas las edades;07 Castilla y León;Total;1 de enero de 2019;2.405.568
Todas las edades;07 Castilla y León;Total;1 de octubre de 2018;""
Todas las edades;07 Castilla y León;Total;1 de julio de 2018;2.408.617
Todas las edades;07 Castilla y León;Total;1 de abril de 2018;""
Todas las edades;07 Castilla y León;Total;1 de enero de 2018;2.417.013
Todas las edades;07 Castilla y León;Total;1 de octubre de 2017;""
Todas las edades;07 Castilla y León;Total;1 de julio de 2017;2.421.556
Todas las edades;07 Castilla y León;Total;1 de abril de 2017;""
Todas las edades;07 Castilla y León;Total;1 de enero de 2017;2.433.535
Todas las edades;07 Castilla y León;Total;1 de octubre de 2016;""
Todas las edades;07 Castilla y León;Total;1 de julio de 2016;2.442.259
Todas las edades;07 Castilla y León;Total;1 de abril de 2016;""
Todas las edades;07 Castilla y León;Total;1 de enero de 2016;2.452.721
Todas las edades;07 Castilla y León;Total;1 de octubre de 2015;""
Todas las edades;07 Castilla y León;Total;1 de julio de 2015;2.462.191
Todas las edades;07 Castilla y León;Total;1 de abril de 2015;""
Todas las edades;07 Castilla y León;Total;1 de enero de 2015;2.475.697
Todas las edades;07 Castilla y León;Total;1 de octubre de 2014;""
Todas las edades;07 Castilla y León;Total;1 de julio de 2014;2.482.991
Todas las edades;07 Castilla y León;Total;1 de abril de 2014;""
Todas las edades;07 Castilla y León;Total;1 de enero de 2014;2.493.604
Todas las edades;07 Castilla y León;Total;1 de octubre de 2013;""
Todas las edades;07 Castilla y León;Total;1 de julio de 2013;2.504.683
Todas las edades;07 Castilla y León;Total;1 de abril de 2013;""
Todas las edades;07 Castilla y León;Total;1 de enero de 2013;2.516.927
Todas las edades;07 Castilla y León;Total;1 de octubre de 2012;""
Todas las edades;07 Castilla y León;Total;1 de julio de 2012;2.525.537
Todas las edades;07 Castilla y León;Total;1 de abril de 2012;""
Todas las edades;07 Castilla y León;Total;1 de enero de 2012;2.537.654
Todas las edades;07 Castilla y León;Total;1 de octubre de 2011;""
Todas las edades;07 Castilla y León;Total;1 de julio de 2011;2.541.364
Todas las edades;07 Castilla y León;Total;1 de abril de 2011;""
Todas las edades;07 Castilla y León;Total;1 de enero de 2011;2.545.286
Todas las edades;08 Castilla - La Mancha;Total;1 de enero de 2024;2.104.433
Todas las edades;08 Castilla - La Mancha;Total;1 de octubre de 2023;2.099.494
Todas las edades;08 Castilla - La Mancha;Total;1 de julio de 2023;2.092.447
Todas las edades;08 Castilla - La Mancha;Total;1 de abril de 2023;2.088.160
Todas las edades;08 Castilla - La Mancha;Total;1 de enero de 2023;2.084.086
Todas las edades;08 Castilla - La Mancha;Total;1 de octubre de 2022;2.076.182
Todas las edades;08 Castilla - La Mancha;Total;1 de julio de 2022;2.069.351
Todas las edades;08 Castilla - La Mancha;Total;1 de abril de 2022;2.062.462
Todas las edades;08 Castilla - La Mancha;Total;1 de enero de 2022;2.058.278
Todas las edades;08 Castilla - La Mancha;Total;1 de octubre de 2021;2.053.807
Todas las edades;08 Castilla - La Mancha;Total;1 de julio de 2021;2.050.861
Todas las edades;08 Castilla - La Mancha;Total;1 de abril de 2021;2.052.154
Todas las edades;08 Castilla - La Mancha;Total;1 de enero de 2021;2.052.505
Todas las edades;08 Castilla - La Mancha;Total;1 de octubre de 2020;""
Todas las edades;08 Castilla - La Mancha;Total;1 de julio de 2020;2.045.920
Todas las edades;08 Castilla - La Mancha;Total;1 de abril de 2020;""
Todas las edades;08 Castilla - La Mancha;Total;1 de enero de 2020;2.047.969
Todas las edades;08 Castilla - La Mancha;Total;1 de octubre de 2019;""
Todas las edades;08 Castilla - La Mancha;Total;1 de julio de 2019;2.040.679
Todas las edades;08 Castilla - La Mancha;Total;1 de abril de 2019;""
Todas las edades;08 Castilla - La Mancha;Total;1 de enero de 2019;2.036.777
Todas las edades;08 Castilla - La Mancha;Total;1 de octubre de 2018;""
Todas las edades;08 Castilla - La Mancha;Total;1 de julio de 2018;2.032.138
Todas las edades;08 Castilla - La Mancha;Total;1 de abril de 2018;""
Todas las edades;08 Castilla - La Mancha;Total;1 de enero de 2018;2.034.409
Todas las edades;08 Castilla - La Mancha;Total;1 de octubre de 2017;""
Todas las edades;08 Castilla - La Mancha;Total;1 de julio de 2017;2.034.084
Todas las edades;08 Castilla - La Mancha;Total;1 de abril de 2017;""
Todas las edades;08 Castilla - La Mancha;Total;1 de enero de 2017;2.041.422
Todas las edades;08 Castilla - La Mancha;Total;1 de octubre de 2016;""
Todas las edades;08 Castilla - La Mancha;Total;1 de julio de 2016;2.043.828
Todas las edades;08 Castilla - La Mancha;Total;1 de abril de 2016;""
Todas las edades;08 Castilla - La Mancha;Total;1 de enero de 2016;2.049.336
Todas las edades;08 Castilla - La Mancha;Total;1 de octubre de 2015;""
Todas las edades;08 Castilla - La Mancha;Total;1 de julio de 2015;2.054.098
Todas las edades;08 Castilla - La Mancha;Total;1 de abril de 2015;""
Todas las edades;08 Castilla - La Mancha;Total;1 de enero de 2015;2.062.615
Todas las edades;08 Castilla - La Mancha;Total;1 de octubre de 2014;""
Todas las edades;08 Castilla - La Mancha;Total;1 de julio de 2014;2.067.307
Todas las edades;08 Castilla - La Mancha;Total;1 de abril de 2014;""
Todas las edades;08 Castilla - La Mancha;Total;1 de enero de 2014;2.074.760
Todas las edades;08 Castilla - La Mancha;Total;1 de octubre de 2013;""
Todas las edades;08 Castilla - La Mancha;Total;1 de julio de 2013;2.083.055
Todas las edades;08 Castilla - La Mancha;Total;1 de abril de 2013;""
Todas las edades;08 Castilla - La Mancha;Total;1 de enero de 2013;2.093.474
Todas las edades;08 Castilla - La Mancha;Total;1 de octubre de 2012;""
Todas las edades;08 Castilla - La Mancha;Total;1 de julio de 2012;2.098.279
Todas las edades;08 Castilla - La Mancha;Total;1 de abril de 2012;""
Todas las edades;08 Castilla - La Mancha;Total;1 de enero de 2012;2.105.936
Todas las edades;08 Castilla - La Mancha;Total;1 de octubre de 2011;""
Todas las edades;08 Castilla - La Mancha;Total;1 de julio de 2011;2.103.317
Todas las edades;08 Castilla - La Mancha;Total;1 de abril de 2011;""
Todas las edades;08 Castilla - La Mancha;Total;1 de enero de 2011;2.099.057
Todas las edades;09 Cataluña;Total;1 de enero de 2024;8.012.231
Todas las edades;09 Cataluña;Total;1 de octubre de 2023;7.994.969
Todas las edades;09 Cataluña;Total;1 de julio de 2023;7.958.401
Todas las edades;09 Cataluña;Total;1 de abril de 2023;7.929.527
Todas las edades;09 Cataluña;Total;1 de enero de 2023;7.901.963
Todas las edades;09 Cataluña;Total;1 de octubre de 2022;7.868.200
Todas las edades;09 Cataluña;Total;1 de julio de 2022;7.829.317
Todas las edades;09 Cataluña;Total;1 de abril de 2022;7.792.135
Todas las edades;09 Cataluña;Total;1 de enero de 2022;7.761.823
Todas las edades;09 Cataluña;Total;1 de octubre de 2021;7.752.810
Todas las edades;09 Cataluña;Total;1 de julio de 2021;7.734.485
Todas las edades;09 Cataluña;Total;1 de abril de 2021;7.742.504
Todas las edades;09 Cataluña;Total;1 de enero de 2021;7.749.896
Todas las edades;09 Cataluña;Total;1 de octubre de 2020;""
Todas las edades;09 Cataluña;Total;1 de julio de 2020;7.729.911
Todas las edades;09 Cataluña;Total;1 de abril de 2020;""
Todas las edades;09 Cataluña;Total;1 de enero de 2020;7.720.323
Todas las edades;09 Cataluña;Total;1 de octubre de 2019;""
Todas las edades;09 Cataluña;Total;1 de julio de 2019;7.672.980
Todas las edades;09 Cataluña;Total;1 de abril de 2019;""
Todas las edades;09 Cataluña;Total;1 de enero de 2019;7.624.625
Todas las edades;09 Cataluña;Total;1 de octubre de 2018;""
Todas las edades;09 Cataluña;Total;1 de julio de 2018;7.571.004
Todas las edades;09 Cataluña;Total;1 de abril de 2018;""
Todas las edades;09 Cataluña;Total;1 de enero de 2018;7.539.364
Todas las edades;09 Cataluña;Total;1 de octubre de 2017;""
Todas las edades;09 Cataluña;Total;1 de julio de 2017;7.495.561
Todas las edades;09 Cataluña;Total;1 de abril de 2017;""
Todas las edades;09 Cataluña;Total;1 de enero de 2017;7.480.778
Todas las edades;09 Cataluña;Total;1 de octubre de 2016;""
Todas las edades;09 Cataluña;Total;1 de julio de 2016;7.452.824
Todas las edades;09 Cataluña;Total;1 de abril de 2016;""
Todas las edades;09 Cataluña;Total;1 de enero de 2016;7.440.692
Todas las edades;09 Cataluña;Total;1 de octubre de 2015;""
Todas las edades;09 Cataluña;Total;1 de julio de 2015;7.424.018
Todas las edades;09 Cataluña;Total;1 de abril de 2015;""
Todas las edades;09 Cataluña;Total;1 de enero de 2015;7.420.890
Todas las edades;09 Cataluña;Total;1 de octubre de 2014;""
Todas las edades;09 Cataluña;Total;1 de julio de 2014;7.419.602
Todas las edades;09 Cataluña;Total;1 de abril de 2014;""
Todas las edades;09 Cataluña;Total;1 de enero de 2014;7.432.833
Todas las edades;09 Cataluña;Total;1 de octubre de 2013;""
Todas las edades;09 Cataluña;Total;1 de julio de 2013;7.456.300
Todas las edades;09 Cataluña;Total;1 de abril de 2013;""
Todas las edades;09 Cataluña;Total;1 de enero de 2013;7.488.664
Todas las edades;09 Cataluña;Total;1 de octubre de 2012;""
Todas las edades;09 Cataluña;Total;1 de julio de 2012;7.499.373
Todas las edades;09 Cataluña;Total;1 de abril de 2012;""
Todas las edades;09 Cataluña;Total;1 de enero de 2012;7.514.992
Todas las edades;09 Cataluña;Total;1 de octubre de 2011;""
Todas las edades;09 Cataluña;Total;1 de julio de 2011;7.504.024
Todas las edades;09 Cataluña;Total;1 de abril de 2011;""
Todas las edades;09 Cataluña;Total;1 de enero de 2011;7.493.252
Todas las edades;10 Comunitat Valenciana;Total;1 de enero de 2024;5.319.285
Todas las edades;10 Comunitat Valenciana;Total;1 de octubre de 2023;5.293.007
Todas las edades;10 Comunitat Valenciana;Total;1 de julio de 2023;5.261.489
Todas las edades;10 Comunitat Valenciana;Total;1 de abril de 2023;5.238.354
Todas las edades;10 Comunitat Valenciana;Total;1 de enero de 2023;5.216.195
Todas las edades;10 Comunitat Valenciana;Total;1 de octubre de 2022;5.186.582
Todas las edades;10 Comunitat Valenciana;Total;1 de julio de 2022;5.158.046
Todas las edades;10 Comunitat Valenciana;Total;1 de abril de 2022;5.128.178
Todas las edades;10 Comunitat Valenciana;Total;1 de enero de 2022;5.108.116
Todas las edades;10 Comunitat Valenciana;Total;1 de octubre de 2021;5.091.166
Todas las edades;10 Comunitat Valenciana;Total;1 de julio de 2021;5.072.694
Todas las edades;10 Comunitat Valenciana;Total;1 de abril de 2021;5.065.939
Todas las edades;10 Comunitat Valenciana;Total;1 de enero de 2021;5.067.911
Todas las edades;10 Comunitat Valenciana;Total;1 de octubre de 2020;""
Todas las edades;10 Comunitat Valenciana;Total;1 de julio de 2020;5.055.729
Todas las edades;10 Comunitat Valenciana;Total;1 de abril de 2020;""
Todas las edades;10 Comunitat Valenciana;Total;1 de enero de 2020;5.046.482
Todas las edades;10 Comunitat Valenciana;Total;1 de octubre de 2019;""
Todas las edades;10 Comunitat Valenciana;Total;1 de julio de 2019;5.015.051
Todas las edades;10 Comunitat Valenciana;Total;1 de abril de 2019;""
Todas las edades;10 Comunitat Valenciana;Total;1 de enero de 2019;4.989.308
Todas las edades;10 Comunitat Valenciana;Total;1 de octubre de 2018;""
Todas las edades;10 Comunitat Valenciana;Total;1 de julio de 2018;4.961.966
Todas las edades;10 Comunitat Valenciana;Total;1 de abril de 2018;""
Todas las edades;10 Comunitat Valenciana;Total;1 de enero de 2018;4.958.584
Todas las edades;10 Comunitat Valenciana;Total;1 de octubre de 2017;""
Todas las edades;10 Comunitat Valenciana;Total;1 de julio de 2017;4.940.320
Todas las edades;10 Comunitat Valenciana;Total;1 de abril de 2017;""
Todas las edades;10 Comunitat Valenciana;Total;1 de enero de 2017;4.943.821
Todas las edades;10 Comunitat Valenciana;Total;1 de octubre de 2016;""
Todas las edades;10 Comunitat Valenciana;Total;1 de julio de 2016;4.936.272
Todas las edades;10 Comunitat Valenciana;Total;1 de abril de 2016;""
Todas las edades;10 Comunitat Valenciana;Total;1 de enero de 2016;4.939.888
Todas las edades;10 Comunitat Valenciana;Total;1 de octubre de 2015;""
Todas las edades;10 Comunitat Valenciana;Total;1 de julio de 2015;4.937.223
Todas las edades;10 Comunitat Valenciana;Total;1 de abril de 2015;""
Todas las edades;10 Comunitat Valenciana;Total;1 de enero de 2015;4.945.092
Todas las edades;10 Comunitat Valenciana;Total;1 de octubre de 2014;""
Todas las edades;10 Comunitat Valenciana;Total;1 de julio de 2014;4.951.680
Todas las edades;10 Comunitat Valenciana;Total;1 de abril de 2014;""
Todas las edades;10 Comunitat Valenciana;Total;1 de enero de 2014;4.960.213
Todas las edades;10 Comunitat Valenciana;Total;1 de octubre de 2013;""
Todas las edades;10 Comunitat Valenciana;Total;1 de julio de 2013;4.969.971
Todas las edades;10 Comunitat Valenciana;Total;1 de abril de 2013;""
Todas las edades;10 Comunitat Valenciana;Total;1 de enero de 2013;4.988.365
Todas las edades;10 Comunitat Valenciana;Total;1 de octubre de 2012;""
Todas las edades;10 Comunitat Valenciana;Total;1 de julio de 2012;4.999.068
Todas las edades;10 Comunitat Valenciana;Total;1 de abril de 2012;""
Todas las edades;10 Comunitat Valenciana;Total;1 de enero de 2012;5.009.647
Todas las edades;10 Comunitat Valenciana;Total;1 de octubre de 2011;""
Todas las edades;10 Comunitat Valenciana;Total;1 de julio de 2011;5.002.122
Todas las edades;10 Comunitat Valenciana;Total;1 de abril de 2011;""
Todas las edades;10 Comunitat Valenciana;Total;1 de enero de 2011;4.999.211
Todas las edades;11 Extremadura;Total;1 de enero de 2024;1.054.681
Todas las edades;11 Extremadura;Total;1 de octubre de 2023;1.054.549
Todas las edades;11 Extremadura;Total;1 de julio de 2023;1.053.870
Todas las edades;11 Extremadura;Total;1 de abril de 2023;1.053.582
Todas las edades;11 Extremadura;Total;1 de enero de 2023;1.054.306
Todas las edades;11 Extremadura;Total;1 de octubre de 2022;1.054.682
Todas las edades;11 Extremadura;Total;1 de julio de 2022;1.055.080
Todas las edades;11 Extremadura;Total;1 de abril de 2022;1.055.254
Todas las edades;11 Extremadura;Total;1 de enero de 2022;1.056.808
Todas las edades;11 Extremadura;Total;1 de octubre de 2021;1.057.697
Todas las edades;11 Extremadura;Total;1 de julio de 2021;1.058.385
Todas las edades;11 Extremadura;Total;1 de abril de 2021;1.059.261
Todas las edades;11 Extremadura;Total;1 de enero de 2021;1.061.636
Todas las edades;11 Extremadura;Total;1 de octubre de 2020;""
Todas las edades;11 Extremadura;Total;1 de julio de 2020;1.062.460
Todas las edades;11 Extremadura;Total;1 de abril de 2020;""
Todas las edades;11 Extremadura;Total;1 de enero de 2020;1.064.970
Todas las edades;11 Extremadura;Total;1 de octubre de 2019;""
Todas las edades;11 Extremadura;Total;1 de julio de 2019;1.065.607
Todas las edades;11 Extremadura;Total;1 de abril de 2019;""
Todas las edades;11 Extremadura;Total;1 de enero de 2019;1.067.925
Todas las edades;11 Extremadura;Total;1 de octubre de 2018;""
Todas las edades;11 Extremadura;Total;1 de julio de 2018;1.069.435
Todas las edades;11 Extremadura;Total;1 de abril de 2018;""
Todas las edades;11 Extremadura;Total;1 de enero de 2018;1.072.721
Todas las edades;11 Extremadura;Total;1 de octubre de 2017;""
Todas las edades;11 Extremadura;Total;1 de julio de 2017;1.075.091
Todas las edades;11 Extremadura;Total;1 de abril de 2017;""
Todas las edades;11 Extremadura;Total;1 de enero de 2017;1.079.108
Todas las edades;11 Extremadura;Total;1 de octubre de 2016;""
Todas las edades;11 Extremadura;Total;1 de julio de 2016;1.082.479
Todas las edades;11 Extremadura;Total;1 de abril de 2016;""
Todas las edades;11 Extremadura;Total;1 de enero de 2016;1.086.153
Todas las edades;11 Extremadura;Total;1 de octubre de 2015;""
Todas las edades;11 Extremadura;Total;1 de julio de 2015;1.088.396
Todas las edades;11 Extremadura;Total;1 de abril de 2015;""
Todas las edades;11 Extremadura;Total;1 de enero de 2015;1.092.217
Todas las edades;11 Extremadura;Total;1 de octubre de 2014;""
Todas las edades;11 Extremadura;Total;1 de julio de 2014;1.094.170
Todas las edades;11 Extremadura;Total;1 de abril de 2014;""
Todas las edades;11 Extremadura;Total;1 de enero de 2014;1.096.708
Todas las edades;11 Extremadura;Total;1 de octubre de 2013;""
Todas las edades;11 Extremadura;Total;1 de julio de 2013;1.098.478
Todas las edades;11 Extremadura;Total;1 de abril de 2013;""
Todas las edades;11 Extremadura;Total;1 de enero de 2013;1.101.024
Todas las edades;11 Extremadura;Total;1 de octubre de 2012;""
Todas las edades;11 Extremadura;Total;1 de julio de 2012;1.101.947
Todas las edades;11 Extremadura;Total;1 de abril de 2012;""
Todas las edades;11 Extremadura;Total;1 de enero de 2012;1.104.343
Todas las edades;11 Extremadura;Total;1 de octubre de 2011;""
Todas las edades;11 Extremadura;Total;1 de julio de 2011;1.103.514
Todas las edades;11 Extremadura;Total;1 de abril de 2011;""
Todas las edades;11 Extremadura;Total;1 de enero de 2011;1.102.300
Todas las edades;12 Galicia;Total;1 de enero de 2024;2.705.833
Todas las edades;12 Galicia;Total;1 de octubre de 2023;2.703.586
Todas las edades;12 Galicia;Total;1 de julio de 2023;2.699.216
Todas las edades;12 Galicia;Total;1 de abril de 2023;2.698.437
Todas las edades;12 Galicia;Total;1 de enero de 2023;2.699.424
Todas las edades;12 Galicia;Total;1 de octubre de 2022;2.697.287
Todas las edades;12 Galicia;Total;1 de julio de 2022;2.694.762
Todas las edades;12 Galicia;Total;1 de abril de 2022;2.692.515
Todas las edades;12 Galicia;Total;1 de enero de 2022;2.692.825
Todas las edades;12 Galicia;Total;1 de octubre de 2021;2.692.220
Todas las edades;12 Galicia;Total;1 de julio de 2021;2.690.972
Todas las edades;12 Galicia;Total;1 de abril de 2021;2.694.297
Todas las edades;12 Galicia;Total;1 de enero de 2021;2.698.177
Todas las edades;12 Galicia;Total;1 de octubre de 2020;""
Todas las edades;12 Galicia;Total;1 de julio de 2020;2.698.830
Todas las edades;12 Galicia;Total;1 de abril de 2020;""
Todas las edades;12 Galicia;Total;1 de enero de 2020;2.702.605
Todas las edades;12 Galicia;Total;1 de octubre de 2019;""
Todas las edades;12 Galicia;Total;1 de julio de 2019;2.698.685
Todas las edades;12 Galicia;Total;1 de abril de 2019;""
Todas las edades;12 Galicia;Total;1 de enero de 2019;2.700.210
Todas las edades;12 Galicia;Total;1 de octubre de 2018;""
Todas las edades;12 Galicia;Total;1 de julio de 2018;2.698.954
Todas las edades;12 Galicia;Total;1 de abril de 2018;""
Todas las edades;12 Galicia;Total;1 de enero de 2018;2.703.048
Todas las edades;12 Galicia;Total;1 de octubre de 2017;""
Todas las edades;12 Galicia;Total;1 de julio de 2017;2.702.734
Todas las edades;12 Galicia;Total;1 de abril de 2017;""
Todas las edades;12 Galicia;Total;1 de enero de 2017;2.708.955
Todas las edades;12 Galicia;Total;1 de octubre de 2016;""
Todas las edades;12 Galicia;Total;1 de julio de 2016;2.712.055
Todas las edades;12 Galicia;Total;1 de abril de 2016;""
Todas las edades;12 Galicia;Total;1 de enero de 2016;2.719.095
Todas las edades;12 Galicia;Total;1 de octubre de 2015;""
Todas las edades;12 Galicia;Total;1 de julio de 2015;2.723.357
Todas las edades;12 Galicia;Total;1 de abril de 2015;""
Todas las edades;12 Galicia;Total;1 de enero de 2015;2.732.801
Todas las edades;12 Galicia;Total;1 de octubre de 2014;""
Todas las edades;12 Galicia;Total;1 de julio de 2014;2.737.551
Todas las edades;12 Galicia;Total;1 de abril de 2014;""
Todas las edades;12 Galicia;Total;1 de enero de 2014;2.745.817
Todas las edades;12 Galicia;Total;1 de octubre de 2013;""
Todas las edades;12 Galicia;Total;1 de julio de 2013;2.752.086
Todas las edades;12 Galicia;Total;1 de abril de 2013;""
Todas las edades;12 Galicia;Total;1 de enero de 2013;2.760.720
Todas las edades;12 Galicia;Total;1 de octubre de 2012;""
Todas las edades;12 Galicia;Total;1 de julio de 2012;2.764.582
Todas las edades;12 Galicia;Total;1 de abril de 2012;""
Todas las edades;12 Galicia;Total;1 de enero de 2012;2.771.916
Todas las edades;12 Galicia;Total;1 de octubre de 2011;""
Todas las edades;12 Galicia;Total;1 de julio de 2011;2.771.651
Todas las edades;12 Galicia;Total;1 de abril de 2011;""
Todas las edades;12 Galicia;Total;1 de enero de 2011;2.773.415
Todas las edades;13 Madrid, Comunidad de;Total;1 de enero de 2024;7.009.268
Todas las edades;13 Madrid, Comunidad de;Total;1 de octubre de 2023;6.965.673
Todas las edades;13 Madrid, Comunidad de;Total;1 de julio de 2023;6.933.145
Todas las edades;13 Madrid, Comunidad de;Total;1 de abril de 2023;6.911.020
Todas las edades;13 Madrid, Comunidad de;Total;1 de enero de 2023;6.871.903
Todas las edades;13 Madrid, Comunidad de;Total;1 de octubre de 2022;6.851.312
Todas las edades;13 Madrid, Comunidad de;Total;1 de julio de 2022;6.824.710
Todas las edades;13 Madrid, Comunidad de;Total;1 de abril de 2022;6.784.314
Todas las edades;13 Madrid, Comunidad de;Total;1 de enero de 2022;6.743.254
Todas las edades;13 Madrid, Comunidad de;Total;1 de octubre de 2021;6.732.454
Todas las edades;13 Madrid, Comunidad de;Total;1 de julio de 2021;6.717.668
Todas las edades;13 Madrid, Comunidad de;Total;1 de abril de 2021;6.716.310
Todas las edades;13 Madrid, Comunidad de;Total;1 de enero de 2021;6.726.640
Todas las edades;13 Madrid, Comunidad de;Total;1 de octubre de 2020;""
Todas las edades;13 Madrid, Comunidad de;Total;1 de julio de 2020;6.728.831
Todas las edades;13 Madrid, Comunidad de;Total;1 de abril de 2020;""
Todas las edades;13 Madrid, Comunidad de;Total;1 de enero de 2020;6.720.310
Todas las edades;13 Madrid, Comunidad de;Total;1 de octubre de 2019;""
Todas las edades;13 Madrid, Comunidad de;Total;1 de julio de 2019;6.661.366
Todas las edades;13 Madrid, Comunidad de;Total;1 de abril de 2019;""
Todas las edades;13 Madrid, Comunidad de;Total;1 de enero de 2019;6.618.078
Todas las edades;13 Madrid, Comunidad de;Total;1 de octubre de 2018;""
Todas las edades;13 Madrid, Comunidad de;Total;1 de julio de 2018;6.565.459
Todas las edades;13 Madrid, Comunidad de;Total;1 de abril de 2018;""
Todas las edades;13 Madrid, Comunidad de;Total;1 de enero de 2018;6.529.923
Todas las edades;13 Madrid, Comunidad de;Total;1 de octubre de 2017;""
Todas las edades;13 Madrid, Comunidad de;Total;1 de julio de 2017;6.486.342
Todas las edades;13 Madrid, Comunidad de;Total;1 de abril de 2017;""
Todas las edades;13 Madrid, Comunidad de;Total;1 de enero de 2017;6.459.297
Todas las edades;13 Madrid, Comunidad de;Total;1 de octubre de 2016;""
Todas las edades;13 Madrid, Comunidad de;Total;1 de julio de 2016;6.430.889
Todas las edades;13 Madrid, Comunidad de;Total;1 de abril de 2016;""
Todas las edades;13 Madrid, Comunidad de;Total;1 de enero de 2016;6.411.466
Todas las edades;13 Madrid, Comunidad de;Total;1 de octubre de 2015;""
Todas las edades;13 Madrid, Comunidad de;Total;1 de julio de 2015;6.389.833
Todas las edades;13 Madrid, Comunidad de;Total;1 de abril de 2015;""
Todas las edades;13 Madrid, Comunidad de;Total;1 de enero de 2015;6.375.737
Todas las edades;13 Madrid, Comunidad de;Total;1 de octubre de 2014;""
Todas las edades;13 Madrid, Comunidad de;Total;1 de julio de 2014;6.369.122
Todas las edades;13 Madrid, Comunidad de;Total;1 de abril de 2014;""
Todas las edades;13 Madrid, Comunidad de;Total;1 de enero de 2014;6.372.553
Todas las edades;13 Madrid, Comunidad de;Total;1 de octubre de 2013;""
Todas las edades;13 Madrid, Comunidad de;Total;1 de julio de 2013;6.388.701
Todas las edades;13 Madrid, Comunidad de;Total;1 de abril de 2013;""
Todas las edades;13 Madrid, Comunidad de;Total;1 de enero de 2013;6.411.525
Todas las edades;13 Madrid, Comunidad de;Total;1 de octubre de 2012;""
Todas las edades;13 Madrid, Comunidad de;Total;1 de julio de 2012;6.424.025
Todas las edades;13 Madrid, Comunidad de;Total;1 de abril de 2012;""
Todas las edades;13 Madrid, Comunidad de;Total;1 de enero de 2012;6.425.573
Todas las edades;13 Madrid, Comunidad de;Total;1 de octubre de 2011;""
Todas las edades;13 Madrid, Comunidad de;Total;1 de julio de 2011;6.409.093
Todas las edades;13 Madrid, Comunidad de;Total;1 de abril de 2011;""
Todas las edades;13 Madrid, Comunidad de;Total;1 de enero de 2011;6.394.239
Todas las edades;14 Murcia, Región de;Total;1 de enero de 2024;1.568.492
Todas las edades;14 Murcia, Región de;Total;1 de octubre de 2023;1.564.023
Todas las edades;14 Murcia, Región de;Total;1 de julio de 2023;1.558.016
Todas las edades;14 Murcia, Región de;Total;1 de abril de 2023;1.555.233
Todas las edades;14 Murcia, Región de;Total;1 de enero de 2023;1.551.692
Todas las edades;14 Murcia, Región de;Total;1 de octubre de 2022;1.545.698
Todas las edades;14 Murcia, Región de;Total;1 de julio de 2022;1.540.774
Todas las edades;14 Murcia, Región de;Total;1 de abril de 2022;1.535.248
Todas las edades;14 Murcia, Región de;Total;1 de enero de 2022;1.529.658
Todas las edades;14 Murcia, Región de;Total;1 de octubre de 2021;1.525.492
Todas las edades;14 Murcia, Región de;Total;1 de julio de 2021;1.521.411
Todas las edades;14 Murcia, Región de;Total;1 de abril de 2021;1.518.812
Todas las edades;14 Murcia, Región de;Total;1 de enero de 2021;1.518.279
Todas las edades;14 Murcia, Región de;Total;1 de octubre de 2020;""
Todas las edades;14 Murcia, Región de;Total;1 de julio de 2020;1.513.834
Todas las edades;14 Murcia, Región de;Total;1 de abril de 2020;""
Todas las edades;14 Murcia, Región de;Total;1 de enero de 2020;1.509.077
Todas las edades;14 Murcia, Región de;Total;1 de octubre de 2019;""
Todas las edades;14 Murcia, Región de;Total;1 de julio de 2019;1.498.997
Todas las edades;14 Murcia, Región de;Total;1 de abril de 2019;""
Todas las edades;14 Murcia, Región de;Total;1 de enero de 2019;1.491.312
Todas las edades;14 Murcia, Región de;Total;1 de octubre de 2018;""
Todas las edades;14 Murcia, Región de;Total;1 de julio de 2018;1.482.514
Todas las edades;14 Murcia, Región de;Total;1 de abril de 2018;""
Todas las edades;14 Murcia, Región de;Total;1 de enero de 2018;1.478.718
Todas las edades;14 Murcia, Región de;Total;1 de octubre de 2017;""
Todas las edades;14 Murcia, Región de;Total;1 de julio de 2017;1.476.334
Todas las edades;14 Murcia, Región de;Total;1 de abril de 2017;""
Todas las edades;14 Murcia, Región de;Total;1 de enero de 2017;1.475.275
Todas las edades;14 Murcia, Región de;Total;1 de octubre de 2016;""
Todas las edades;14 Murcia, Región de;Total;1 de julio de 2016;1.470.873
Todas las edades;14 Murcia, Región de;Total;1 de abril de 2016;""
Todas las edades;14 Murcia, Región de;Total;1 de enero de 2016;1.468.367
Todas las edades;14 Murcia, Región de;Total;1 de octubre de 2015;""
Todas las edades;14 Murcia, Región de;Total;1 de julio de 2015;1.465.679
Todas las edades;14 Murcia, Región de;Total;1 de abril de 2015;""
Todas las edades;14 Murcia, Región de;Total;1 de enero de 2015;1.465.195
Todas las edades;14 Murcia, Región de;Total;1 de octubre de 2014;""
Todas las edades;14 Murcia, Región de;Total;1 de julio de 2014;1.464.013
Todas las edades;14 Murcia, Región de;Total;1 de abril de 2014;""
Todas las edades;14 Murcia, Región de;Total;1 de enero de 2014;1.462.734
Todas las edades;14 Murcia, Región de;Total;1 de octubre de 2013;""
Todas las edades;14 Murcia, Región de;Total;1 de julio de 2013;1.461.871
Todas las edades;14 Murcia, Región de;Total;1 de abril de 2013;""
Todas las edades;14 Murcia, Región de;Total;1 de enero de 2013;1.462.271
Todas las edades;14 Murcia, Región de;Total;1 de octubre de 2012;""
Todas las edades;14 Murcia, Región de;Total;1 de julio de 2012;1.461.188
Todas las edades;14 Murcia, Región de;Total;1 de abril de 2012;""
Todas las edades;14 Murcia, Región de;Total;1 de enero de 2012;1.461.928
Todas las edades;14 Murcia, Región de;Total;1 de octubre de 2011;""
Todas las edades;14 Murcia, Región de;Total;1 de julio de 2011;1.461.107
Todas las edades;14 Murcia, Región de;Total;1 de abril de 2011;""
Todas las edades;14 Murcia, Región de;Total;1 de enero de 2011;1.459.076
Todas las edades;15 Navarra, Comunidad Foral de;Total;1 de enero de 2024;678.333
Todas las edades;15 Navarra, Comunidad Foral de;Total;1 de octubre de 2023;676.571
Todas las edades;15 Navarra, Comunidad Foral de;Total;1 de julio de 2023;674.290
Todas las edades;15 Navarra, Comunidad Foral de;Total;1 de abril de 2023;672.873
Todas las edades;15 Navarra, Comunidad Foral de;Total;1 de enero de 2023;672.155
Todas las edades;15 Navarra, Comunidad Foral de;Total;1 de octubre de 2022;670.606
Todas las edades;15 Navarra, Comunidad Foral de;Total;1 de julio de 2022;667.958
Todas las edades;15 Navarra, Comunidad Foral de;Total;1 de abril de 2022;666.111
Todas las edades;15 Navarra, Comunidad Foral de;Total;1 de enero de 2022;664.514
Todas las edades;15 Navarra, Comunidad Foral de;Total;1 de octubre de 2021;662.964
Todas las edades;15 Navarra, Comunidad Foral de;Total;1 de julio de 2021;661.286
Todas las edades;15 Navarra, Comunidad Foral de;Total;1 de abril de 2021;661.769
Todas las edades;15 Navarra, Comunidad Foral de;Total;1 de enero de 2021;662.032
Todas las edades;15 Navarra, Comunidad Foral de;Total;1 de octubre de 2020;""
Todas las edades;15 Navarra, Comunidad Foral de;Total;1 de julio de 2020;661.008
Todas las edades;15 Navarra, Comunidad Foral de;Total;1 de abril de 2020;""
Todas las edades;15 Navarra, Comunidad Foral de;Total;1 de enero de 2020;659.907
Todas las edades;15 Navarra, Comunidad Foral de;Total;1 de octubre de 2019;""
Todas las edades;15 Navarra, Comunidad Foral de;Total;1 de julio de 2019;655.668
Todas las edades;15 Navarra, Comunidad Foral de;Total;1 de abril de 2019;""
Todas las edades;15 Navarra, Comunidad Foral de;Total;1 de enero de 2019;652.797
Todas las edades;15 Navarra, Comunidad Foral de;Total;1 de octubre de 2018;""
Todas las edades;15 Navarra, Comunidad Foral de;Total;1 de julio de 2018;648.803
Todas las edades;15 Navarra, Comunidad Foral de;Total;1 de abril de 2018;""
Todas las edades;15 Navarra, Comunidad Foral de;Total;1 de enero de 2018;646.340
Todas las edades;15 Navarra, Comunidad Foral de;Total;1 de octubre de 2017;""
Todas las edades;15 Navarra, Comunidad Foral de;Total;1 de julio de 2017;643.105
Todas las edades;15 Navarra, Comunidad Foral de;Total;1 de abril de 2017;""
Todas las edades;15 Navarra, Comunidad Foral de;Total;1 de enero de 2017;642.075
Todas las edades;15 Navarra, Comunidad Foral de;Total;1 de octubre de 2016;""
Todas las edades;15 Navarra, Comunidad Foral de;Total;1 de julio de 2016;639.847
Todas las edades;15 Navarra, Comunidad Foral de;Total;1 de abril de 2016;""
Todas las edades;15 Navarra, Comunidad Foral de;Total;1 de enero de 2016;638.922
Todas las edades;15 Navarra, Comunidad Foral de;Total;1 de octubre de 2015;""
Todas las edades;15 Navarra, Comunidad Foral de;Total;1 de julio de 2015;637.476
Todas las edades;15 Navarra, Comunidad Foral de;Total;1 de abril de 2015;""
Todas las edades;15 Navarra, Comunidad Foral de;Total;1 de enero de 2015;637.317
Todas las edades;15 Navarra, Comunidad Foral de;Total;1 de octubre de 2014;""
Todas las edades;15 Navarra, Comunidad Foral de;Total;1 de julio de 2014;636.803
Todas las edades;15 Navarra, Comunidad Foral de;Total;1 de abril de 2014;""
Todas las edades;15 Navarra, Comunidad Foral de;Total;1 de enero de 2014;637.099
Todas las edades;15 Navarra, Comunidad Foral de;Total;1 de octubre de 2013;""
Todas las edades;15 Navarra, Comunidad Foral de;Total;1 de julio de 2013;637.447
Todas las edades;15 Navarra, Comunidad Foral de;Total;1 de abril de 2013;""
Todas las edades;15 Navarra, Comunidad Foral de;Total;1 de enero de 2013;639.089
Todas las edades;15 Navarra, Comunidad Foral de;Total;1 de octubre de 2012;""
Todas las edades;15 Navarra, Comunidad Foral de;Total;1 de julio de 2012;639.255
Todas las edades;15 Navarra, Comunidad Foral de;Total;1 de abril de 2012;""
Todas las edades;15 Navarra, Comunidad Foral de;Total;1 de enero de 2012;640.023
Todas las edades;15 Navarra, Comunidad Foral de;Total;1 de octubre de 2011;""
Todas las edades;15 Navarra, Comunidad Foral de;Total;1 de julio de 2011;638.581
Todas las edades;15 Navarra, Comunidad Foral de;Total;1 de abril de 2011;""
Todas las edades;15 Navarra, Comunidad Foral de;Total;1 de enero de 2011;637.099
Todas las edades;16 País Vasco;Total;1 de enero de 2024;2.227.684
Todas las edades;16 País Vasco;Total;1 de octubre de 2023;2.223.774
Todas las edades;16 País Vasco;Total;1 de julio de 2023;2.220.061
Todas las edades;16 País Vasco;Total;1 de abril de 2023;2.218.011
Todas las edades;16 País Vasco;Total;1 de enero de 2023;2.216.302
Todas las edades;16 País Vasco;Total;1 de octubre de 2022;2.212.450
Todas las edades;16 País Vasco;Total;1 de julio de 2022;2.209.725
Todas las edades;16 País Vasco;Total;1 de abril de 2022;2.207.091
Todas las edades;16 País Vasco;Total;1 de enero de 2022;2.205.826
Todas las edades;16 País Vasco;Total;1 de octubre de 2021;2.204.350
Todas las edades;16 País Vasco;Total;1 de julio de 2021;2.204.196
Todas las edades;16 País Vasco;Total;1 de abril de 2021;2.207.720
Todas las edades;16 País Vasco;Total;1 de enero de 2021;2.212.628
Todas las edades;16 País Vasco;Total;1 de octubre de 2020;""
Todas las edades;16 País Vasco;Total;1 de julio de 2020;2.213.940
Todas las edades;16 País Vasco;Total;1 de abril de 2020;""
Todas las edades;16 País Vasco;Total;1 de enero de 2020;2.211.917
Todas las edades;16 País Vasco;Total;1 de octubre de 2019;""
Todas las edades;16 País Vasco;Total;1 de julio de 2019;2.203.005
Todas las edades;16 País Vasco;Total;1 de abril de 2019;""
Todas las edades;16 País Vasco;Total;1 de enero de 2019;2.197.306
Todas las edades;16 País Vasco;Total;1 de octubre de 2018;""
Todas las edades;16 País Vasco;Total;1 de julio de 2018;2.190.184
Todas las edades;16 País Vasco;Total;1 de abril de 2018;""
Todas las edades;16 País Vasco;Total;1 de enero de 2018;2.187.254
Todas las edades;16 País Vasco;Total;1 de octubre de 2017;""
Todas las edades;16 País Vasco;Total;1 de julio de 2017;2.181.972
Todas las edades;16 País Vasco;Total;1 de abril de 2017;""
Todas las edades;16 País Vasco;Total;1 de enero de 2017;2.179.944
Todas las edades;16 País Vasco;Total;1 de octubre de 2016;""
Todas las edades;16 País Vasco;Total;1 de julio de 2016;2.176.750
Todas las edades;16 País Vasco;Total;1 de abril de 2016;""
Todas las edades;16 País Vasco;Total;1 de enero de 2016;2.174.426
Todas las edades;16 País Vasco;Total;1 de octubre de 2015;""
Todas las edades;16 País Vasco;Total;1 de julio de 2015;2.171.866
Todas las edades;16 País Vasco;Total;1 de abril de 2015;""
Todas las edades;16 País Vasco;Total;1 de enero de 2015;2.172.707
Todas las edades;16 País Vasco;Total;1 de octubre de 2014;""
Todas las edades;16 País Vasco;Total;1 de julio de 2014;2.171.669
Todas las edades;16 País Vasco;Total;1 de abril de 2014;""
Todas las edades;16 País Vasco;Total;1 de enero de 2014;2.172.247
Todas las edades;16 País Vasco;Total;1 de octubre de 2013;""
Todas las edades;16 País Vasco;Total;1 de julio de 2013;2.174.780
Todas las edades;16 País Vasco;Total;1 de abril de 2013;""
Todas las edades;16 País Vasco;Total;1 de enero de 2013;2.179.274
Todas las edades;16 País Vasco;Total;1 de octubre de 2012;""
Todas las edades;16 País Vasco;Total;1 de julio de 2012;2.180.669
Todas las edades;16 País Vasco;Total;1 de abril de 2012;""
Todas las edades;16 País Vasco;Total;1 de enero de 2012;2.184.696
Todas las edades;16 País Vasco;Total;1 de octubre de 2011;""
Todas las edades;16 País Vasco;Total;1 de julio de 2011;2.184.016
Todas las edades;16 País Vasco;Total;1 de abril de 2011;""
Todas las edades;16 País Vasco;Total;1 de enero de 2011;2.183.134
Todas las edades;17 Rioja, La;Total;1 de enero de 2024;324.184
Todas las edades;17 Rioja, La;Total;1 de octubre de 2023;324.408
Todas las edades;17 Rioja, La;Total;1 de julio de 2023;323.393
Todas las edades;17 Rioja, La;Total;1 de abril de 2023;322.837
Todas las edades;17 Rioja, La;Total;1 de enero de 2023;322.282
Todas las edades;17 Rioja, La;Total;1 de octubre de 2022;321.679
Todas las edades;17 Rioja, La;Total;1 de julio de 2022;320.985
Todas las edades;17 Rioja, La;Total;1 de abril de 2022;320.156
Todas las edades;17 Rioja, La;Total;1 de enero de 2022;319.617
Todas las edades;17 Rioja, La;Total;1 de octubre de 2021;319.621
Todas las edades;17 Rioja, La;Total;1 de julio de 2021;319.231
Todas las edades;17 Rioja, La;Total;1 de abril de 2021;319.457
Todas las edades;17 Rioja, La;Total;1 de enero de 2021;319.444
Todas las edades;17 Rioja, La;Total;1 de octubre de 2020;""
Todas las edades;17 Rioja, La;Total;1 de julio de 2020;319.123
Todas las edades;17 Rioja, La;Total;1 de abril de 2020;""
Todas las edades;17 Rioja, La;Total;1 de enero de 2020;318.703
Todas las edades;17 Rioja, La;Total;1 de octubre de 2019;""
Todas las edades;17 Rioja, La;Total;1 de julio de 2019;317.044
Todas las edades;17 Rioja, La;Total;1 de abril de 2019;""
Todas las edades;17 Rioja, La;Total;1 de enero de 2019;315.967
Todas las edades;17 Rioja, La;Total;1 de octubre de 2018;""
Todas las edades;17 Rioja, La;Total;1 de julio de 2018;314.882
Todas las edades;17 Rioja, La;Total;1 de abril de 2018;""
Todas las edades;17 Rioja, La;Total;1 de enero de 2018;314.890
Todas las edades;17 Rioja, La;Total;1 de octubre de 2017;""
Todas las edades;17 Rioja, La;Total;1 de julio de 2017;314.155
Todas las edades;17 Rioja, La;Total;1 de abril de 2017;""
Todas las edades;17 Rioja, La;Total;1 de enero de 2017;314.136
Todas las edades;17 Rioja, La;Total;1 de octubre de 2016;""
Todas las edades;17 Rioja, La;Total;1 de julio de 2016;314.010
Todas las edades;17 Rioja, La;Total;1 de abril de 2016;""
Todas las edades;17 Rioja, La;Total;1 de enero de 2016;314.025
Todas las edades;17 Rioja, La;Total;1 de octubre de 2015;""
Todas las edades;17 Rioja, La;Total;1 de julio de 2015;313.863
Todas las edades;17 Rioja, La;Total;1 de abril de 2015;""
Todas las edades;17 Rioja, La;Total;1 de enero de 2015;314.457
Todas las edades;17 Rioja, La;Total;1 de octubre de 2014;""
Todas las edades;17 Rioja, La;Total;1 de julio de 2014;314.747
Todas las edades;17 Rioja, La;Total;1 de abril de 2014;""
Todas las edades;17 Rioja, La;Total;1 de enero de 2014;315.736
Todas las edades;17 Rioja, La;Total;1 de octubre de 2013;""
Todas las edades;17 Rioja, La;Total;1 de julio de 2013;317.224
Todas las edades;17 Rioja, La;Total;1 de abril de 2013;""
Todas las edades;17 Rioja, La;Total;1 de enero de 2013;318.819
Todas las edades;17 Rioja, La;Total;1 de octubre de 2012;""
Todas las edades;17 Rioja, La;Total;1 de julio de 2012;320.062
Todas las edades;17 Rioja, La;Total;1 de abril de 2012;""
Todas las edades;17 Rioja, La;Total;1 de enero de 2012;320.951
Todas las edades;17 Rioja, La;Total;1 de octubre de 2011;""
Todas las edades;17 Rioja, La;Total;1 de julio de 2011;321.050
Todas las edades;17 Rioja, La;Total;1 de abril de 2011;""
Todas las edades;17 Rioja, La;Total;1 de enero de 2011;320.850
Todas las edades;18 Ceuta;Total;1 de enero de 2024;83.179
Todas las edades;18 Ceuta;Total;1 de octubre de 2023;83.084
Todas las edades;18 Ceuta;Total;1 de julio de 2023;82.935
Todas las edades;18 Ceuta;Total;1 de abril de 2023;82.925
Todas las edades;18 Ceuta;Total;1 de enero de 2023;83.052
Todas las edades;18 Ceuta;Total;1 de octubre de 2022;82.882
Todas las edades;18 Ceuta;Total;1 de julio de 2022;82.792
Todas las edades;18 Ceuta;Total;1 de abril de 2022;82.752
Todas las edades;18 Ceuta;Total;1 de enero de 2022;83.051
Todas las edades;18 Ceuta;Total;1 de octubre de 2021;82.913
Todas las edades;18 Ceuta;Total;1 de julio de 2021;83.111
Todas las edades;18 Ceuta;Total;1 de abril de 2021;83.626
Todas las edades;18 Ceuta;Total;1 de enero de 2021;84.071
Todas las edades;18 Ceuta;Total;1 de octubre de 2020;""
Todas las edades;18 Ceuta;Total;1 de julio de 2020;84.455
Todas las edades;18 Ceuta;Total;1 de abril de 2020;""
Todas las edades;18 Ceuta;Total;1 de enero de 2020;84.502
Todas las edades;18 Ceuta;Total;1 de octubre de 2019;""
Todas las edades;18 Ceuta;Total;1 de julio de 2019;84.794
Todas las edades;18 Ceuta;Total;1 de abril de 2019;""
Todas las edades;18 Ceuta;Total;1 de enero de 2019;85.087
Todas las edades;18 Ceuta;Total;1 de octubre de 2018;""
Todas las edades;18 Ceuta;Total;1 de julio de 2018;85.168
Todas las edades;18 Ceuta;Total;1 de abril de 2018;""
Todas las edades;18 Ceuta;Total;1 de enero de 2018;85.327
Todas las edades;18 Ceuta;Total;1 de octubre de 2017;""
Todas las edades;18 Ceuta;Total;1 de julio de 2017;85.071
Todas las edades;18 Ceuta;Total;1 de abril de 2017;""
Todas las edades;18 Ceuta;Total;1 de enero de 2017;85.005
Todas las edades;18 Ceuta;Total;1 de octubre de 2016;""
Todas las edades;18 Ceuta;Total;1 de julio de 2016;84.683
Todas las edades;18 Ceuta;Total;1 de abril de 2016;""
Todas las edades;18 Ceuta;Total;1 de enero de 2016;84.558
Todas las edades;18 Ceuta;Total;1 de octubre de 2015;""
Todas las edades;18 Ceuta;Total;1 de julio de 2015;84.389
Todas las edades;18 Ceuta;Total;1 de abril de 2015;""
Todas las edades;18 Ceuta;Total;1 de enero de 2015;84.561
Todas las edades;18 Ceuta;Total;1 de octubre de 2014;""
Todas las edades;18 Ceuta;Total;1 de julio de 2014;84.483
Todas las edades;18 Ceuta;Total;1 de abril de 2014;""
Todas las edades;18 Ceuta;Total;1 de enero de 2014;84.562
Todas las edades;18 Ceuta;Total;1 de octubre de 2013;""
Todas las edades;18 Ceuta;Total;1 de julio de 2013;84.438
Todas las edades;18 Ceuta;Total;1 de abril de 2013;""
Todas las edades;18 Ceuta;Total;1 de enero de 2013;84.487
Todas las edades;18 Ceuta;Total;1 de octubre de 2012;""
Todas las edades;18 Ceuta;Total;1 de julio de 2012;84.178
Todas las edades;18 Ceuta;Total;1 de abril de 2012;""
Todas las edades;18 Ceuta;Total;1 de enero de 2012;83.837
Todas las edades;18 Ceuta;Total;1 de octubre de 2011;""
Todas las edades;18 Ceuta;Total;1 de julio de 2011;82.910
Todas las edades;18 Ceuta;Total;1 de abril de 2011;""
Todas las edades;18 Ceuta;Total;1 de enero de 2011;81.627
Todas las edades;19 Melilla;Total;1 de enero de 2024;85.985
Todas las edades;19 Melilla;Total;1 de octubre de 2023;85.650
Todas las edades;19 Melilla;Total;1 de julio de 2023;85.483
Todas las edades;19 Melilla;Total;1 de abril de 2023;85.427
Todas las edades;19 Melilla;Total;1 de enero de 2023;85.493
Todas las edades;19 Melilla;Total;1 de octubre de 2022;85.272
Todas las edades;19 Melilla;Total;1 de julio de 2022;84.825
Todas las edades;19 Melilla;Total;1 de abril de 2022;84.615
Todas las edades;19 Melilla;Total;1 de enero de 2022;84.932
Todas las edades;19 Melilla;Total;1 de octubre de 2021;85.607
Todas las edades;19 Melilla;Total;1 de julio de 2021;85.763
Todas las edades;19 Melilla;Total;1 de abril de 2021;85.987
Todas las edades;19 Melilla;Total;1 de enero de 2021;86.450
Todas las edades;19 Melilla;Total;1 de octubre de 2020;""
Todas las edades;19 Melilla;Total;1 de julio de 2020;86.552
Todas las edades;19 Melilla;Total;1 de abril de 2020;""
Todas las edades;19 Melilla;Total;1 de enero de 2020;86.558
Todas las edades;19 Melilla;Total;1 de octubre de 2019;""
Todas las edades;19 Melilla;Total;1 de julio de 2019;86.324
Todas las edades;19 Melilla;Total;1 de abril de 2019;""
Todas las edades;19 Melilla;Total;1 de enero de 2019;86.373
Todas las edades;19 Melilla;Total;1 de octubre de 2018;""
Todas las edades;19 Melilla;Total;1 de julio de 2018;86.183
Todas las edades;19 Melilla;Total;1 de abril de 2018;""
Todas las edades;19 Melilla;Total;1 de enero de 2018;86.084
Todas las edades;19 Melilla;Total;1 de octubre de 2017;""
Todas las edades;19 Melilla;Total;1 de julio de 2017;86.011
Todas las edades;19 Melilla;Total;1 de abril de 2017;""
Todas las edades;19 Melilla;Total;1 de enero de 2017;85.918
Todas las edades;19 Melilla;Total;1 de octubre de 2016;""
Todas las edades;19 Melilla;Total;1 de julio de 2016;85.561
Todas las edades;19 Melilla;Total;1 de abril de 2016;""
Todas las edades;19 Melilla;Total;1 de enero de 2016;85.457
Todas las edades;19 Melilla;Total;1 de octubre de 2015;""
Todas las edades;19 Melilla;Total;1 de julio de 2015;85.278
Todas las edades;19 Melilla;Total;1 de abril de 2015;""
Todas las edades;19 Melilla;Total;1 de enero de 2015;85.009
Todas las edades;19 Melilla;Total;1 de octubre de 2014;""
Todas las edades;19 Melilla;Total;1 de julio de 2014;84.415
Todas las edades;19 Melilla;Total;1 de abril de 2014;""
Todas las edades;19 Melilla;Total;1 de enero de 2014;84.103
Todas las edades;19 Melilla;Total;1 de octubre de 2013;""
Todas las edades;19 Melilla;Total;1 de julio de 2013;83.820
Todas las edades;19 Melilla;Total;1 de abril de 2013;""
Todas las edades;19 Melilla;Total;1 de enero de 2013;83.669
Todas las edades;19 Melilla;Total;1 de octubre de 2012;""
Todas las edades;19 Melilla;Total;1 de julio de 2012;82.689
Todas las edades;19 Melilla;Total;1 de abril de 2012;""
Todas las edades;19 Melilla;Total;1 de enero de 2012;81.786
Todas las edades;19 Melilla;Total;1 de octubre de 2011;""
Todas las edades;19 Melilla;Total;1 de julio de 2011;80.171
Todas las edades;19 Melilla;Total;1 de abril de 2011;""
Todas las edades;19 Melilla;Total;1 de enero de 2011;78.863
