Total Nacional,Comunidades y Ciudades Autónomas,Provincias,Viviendas y plazas,Periodo,Total
Total Nacional,01 Andalucía,04 Almería,Viviendas turísticas,2025M05,"7,266"
Total Nacional,01 Andalucía,04 Almería,Viviendas turísticas,2024M11,"6,89"
Total Nacional,01 Andalucía,04 Almería,Viviendas turísticas,2024M08,"7,198"
Total Nacional,01 Andalucía,04 Almería,Viviendas turísticas,2024M02,"6,329"
Total Nacional,01 Andalucía,04 Almería,Viviendas turísticas,2023M08,"6,46"
Total Nacional,01 Andalucía,04 Almería,Viviendas turísticas,2023M02,"5,148"
Total Nacional,01 Andalucía,04 Almería,Viviendas turísticas,2022M08,"5,338"
Total Nacional,01 Andalucía,04 Almería,Viviendas turísticas,2022M02,"4,451"
Total Nacional,01 Andalucía,04 Almería,Viviendas turísticas,2021M08,"4,855"
Total Nacional,01 Andalucía,04 Almería,Viviendas turísticas,2021M02,"4,466"
Total Nacional,01 Andalucía,04 Almería,Viviendas turísticas,2020M08,"4,811"
Total Nacional,01 Andalucía,11 Cádiz,Viviendas turísticas,2025M05,"16,624"
Total Nacional,01 Andalucía,11 Cádiz,Viviendas turísticas,2024M11,"15,23"
Total Nacional,01 Andalucía,11 Cádiz,Viviendas turísticas,2024M08,"16,91"
Total Nacional,01 Andalucía,11 Cádiz,Viviendas turísticas,2024M02,"14,534"
Total Nacional,01 Andalucía,11 Cádiz,Viviendas turísticas,2023M08,"14,894"
Total Nacional,01 Andalucía,11 Cádiz,Viviendas turísticas,2023M02,"12,424"
Total Nacional,01 Andalucía,11 Cádiz,Viviendas turísticas,2022M08,"13,357"
Total Nacional,01 Andalucía,11 Cádiz,Viviendas turísticas,2022M02,"10,761"
Total Nacional,01 Andalucía,11 Cádiz,Viviendas turísticas,2021M08,"11,754"
Total Nacional,01 Andalucía,11 Cádiz,Viviendas turísticas,2021M02,"10,801"
Total Nacional,01 Andalucía,11 Cádiz,Viviendas turísticas,2020M08,"11,82"
Total Nacional,01 Andalucía,14 Córdoba,Viviendas turísticas,2025M05,"2,972"
Total Nacional,01 Andalucía,14 Córdoba,Viviendas turísticas,2024M11,"2,748"
Total Nacional,01 Andalucía,14 Córdoba,Viviendas turísticas,2024M08,"2,708"
Total Nacional,01 Andalucía,14 Córdoba,Viviendas turísticas,2024M02,"2,521"
Total Nacional,01 Andalucía,14 Córdoba,Viviendas turísticas,2023M08,"2,25"
Total Nacional,01 Andalucía,14 Córdoba,Viviendas turísticas,2023M02,"2,006"
Total Nacional,01 Andalucía,14 Córdoba,Viviendas turísticas,2022M08,"1,827"
Total Nacional,01 Andalucía,14 Córdoba,Viviendas turísticas,2022M02,"1,535"
Total Nacional,01 Andalucía,14 Córdoba,Viviendas turísticas,2021M08,"1,486"
Total Nacional,01 Andalucía,14 Córdoba,Viviendas turísticas,2021M02,"1,487"
Total Nacional,01 Andalucía,14 Córdoba,Viviendas turísticas,2020M08,"1,672"
Total Nacional,01 Andalucía,18 Granada,Viviendas turísticas,2025M05,"8,305"
Total Nacional,01 Andalucía,18 Granada,Viviendas turísticas,2024M11,"8,184"
Total Nacional,01 Andalucía,18 Granada,Viviendas turísticas,2024M08,"8,047"
Total Nacional,01 Andalucía,18 Granada,Viviendas turísticas,2024M02,"7,187"
Total Nacional,01 Andalucía,18 Granada,Viviendas turísticas,2023M08,"6,601"
Total Nacional,01 Andalucía,18 Granada,Viviendas turísticas,2023M02,"6,38"
Total Nacional,01 Andalucía,18 Granada,Viviendas turísticas,2022M08,"5,78"
Total Nacional,01 Andalucía,18 Granada,Viviendas turísticas,2022M02,"5,497"
Total Nacional,01 Andalucía,18 Granada,Viviendas turísticas,2021M08,"5,281"
Total Nacional,01 Andalucía,18 Granada,Viviendas turísticas,2021M02,"5,268"
Total Nacional,01 Andalucía,18 Granada,Viviendas turísticas,2020M08,"5,594"
Total Nacional,01 Andalucía,21 Huelva,Viviendas turísticas,2025M05,"2,742"
Total Nacional,01 Andalucía,21 Huelva,Viviendas turísticas,2024M11,"2,552"
Total Nacional,01 Andalucía,21 Huelva,Viviendas turísticas,2024M08,"2,824"
Total Nacional,01 Andalucía,21 Huelva,Viviendas turísticas,2024M02,"2,415"
Total Nacional,01 Andalucía,21 Huelva,Viviendas turísticas,2023M08,"2,456"
Total Nacional,01 Andalucía,21 Huelva,Viviendas turísticas,2023M02,"1,961"
Total Nacional,01 Andalucía,21 Huelva,Viviendas turísticas,2022M08,"2,1"
Total Nacional,01 Andalucía,21 Huelva,Viviendas turísticas,2022M02,"1,769"
Total Nacional,01 Andalucía,21 Huelva,Viviendas turísticas,2021M08,"1,978"
Total Nacional,01 Andalucía,21 Huelva,Viviendas turísticas,2021M02,"1,763"
Total Nacional,01 Andalucía,21 Huelva,Viviendas turísticas,2020M08,"1,969"
Total Nacional,01 Andalucía,23 Jaén,Viviendas turísticas,2025M05,"1,136"
Total Nacional,01 Andalucía,23 Jaén,Viviendas turísticas,2024M11,"1,075"
Total Nacional,01 Andalucía,23 Jaén,Viviendas turísticas,2024M08,"1,05"
Total Nacional,01 Andalucía,23 Jaén,Viviendas turísticas,2024M02,953
Total Nacional,01 Andalucía,23 Jaén,Viviendas turísticas,2023M08,864
Total Nacional,01 Andalucía,23 Jaén,Viviendas turísticas,2023M02,763
Total Nacional,01 Andalucía,23 Jaén,Viviendas turísticas,2022M08,748
Total Nacional,01 Andalucía,23 Jaén,Viviendas turísticas,2022M02,597
Total Nacional,01 Andalucía,23 Jaén,Viviendas turísticas,2021M08,602
Total Nacional,01 Andalucía,23 Jaén,Viviendas turísticas,2021M02,510
Total Nacional,01 Andalucía,23 Jaén,Viviendas turísticas,2020M08,527
Total Nacional,01 Andalucía,29 Málaga,Viviendas turísticas,2025M05,"48,412"
Total Nacional,01 Andalucía,29 Málaga,Viviendas turísticas,2024M11,"45,543"
Total Nacional,01 Andalucía,29 Málaga,Viviendas turísticas,2024M08,"48,034"
Total Nacional,01 Andalucía,29 Málaga,Viviendas turísticas,2024M02,"41,038"
Total Nacional,01 Andalucía,29 Málaga,Viviendas turísticas,2023M08,"39,041"
Total Nacional,01 Andalucía,29 Málaga,Viviendas turísticas,2023M02,"35,36"
Total Nacional,01 Andalucía,29 Málaga,Viviendas turísticas,2022M08,"35,06"
Total Nacional,01 Andalucía,29 Málaga,Viviendas turísticas,2022M02,"30,659"
Total Nacional,01 Andalucía,29 Málaga,Viviendas turísticas,2021M08,"31,737"
Total Nacional,01 Andalucía,29 Málaga,Viviendas turísticas,2021M02,"31,736"
Total Nacional,01 Andalucía,29 Málaga,Viviendas turísticas,2020M08,"34,567"
Total Nacional,01 Andalucía,41 Sevilla,Viviendas turísticas,2025M05,"8,719"
Total Nacional,01 Andalucía,41 Sevilla,Viviendas turísticas,2024M11,"8,141"
Total Nacional,01 Andalucía,41 Sevilla,Viviendas turísticas,2024M08,"8,134"
Total Nacional,01 Andalucía,41 Sevilla,Viviendas turísticas,2024M02,"7,477"
Total Nacional,01 Andalucía,41 Sevilla,Viviendas turísticas,2023M08,"6,499"
Total Nacional,01 Andalucía,41 Sevilla,Viviendas turísticas,2023M02,"6,152"
Total Nacional,01 Andalucía,41 Sevilla,Viviendas turísticas,2022M08,"5,913"
Total Nacional,01 Andalucía,41 Sevilla,Viviendas turísticas,2022M02,"5,544"
Total Nacional,01 Andalucía,41 Sevilla,Viviendas turísticas,2021M08,"5,486"
Total Nacional,01 Andalucía,41 Sevilla,Viviendas turísticas,2021M02,"5,543"
Total Nacional,01 Andalucía,41 Sevilla,Viviendas turísticas,2020M08,"6,432"
Total Nacional,02 Aragón,22 Huesca,Viviendas turísticas,2025M05,"2,573"
Total Nacional,02 Aragón,22 Huesca,Viviendas turísticas,2024M11,"2,625"
Total Nacional,02 Aragón,22 Huesca,Viviendas turísticas,2024M08,"2,769"
Total Nacional,02 Aragón,22 Huesca,Viviendas turísticas,2024M02,"2,564"
Total Nacional,02 Aragón,22 Huesca,Viviendas turísticas,2023M08,"2,366"
Total Nacional,02 Aragón,22 Huesca,Viviendas turísticas,2023M02,"2,241"
Total Nacional,02 Aragón,22 Huesca,Viviendas turísticas,2022M08,"2,183"
Total Nacional,02 Aragón,22 Huesca,Viviendas turísticas,2022M02,"2,031"
Total Nacional,02 Aragón,22 Huesca,Viviendas turísticas,2021M08,"2,047"
Total Nacional,02 Aragón,22 Huesca,Viviendas turísticas,2021M02,"1,967"
Total Nacional,02 Aragón,22 Huesca,Viviendas turísticas,2020M08,"2,133"
Total Nacional,02 Aragón,44 Teruel,Viviendas turísticas,2025M05,810
Total Nacional,02 Aragón,44 Teruel,Viviendas turísticas,2024M11,858
Total Nacional,02 Aragón,44 Teruel,Viviendas turísticas,2024M08,852
Total Nacional,02 Aragón,44 Teruel,Viviendas turísticas,2024M02,777
Total Nacional,02 Aragón,44 Teruel,Viviendas turísticas,2023M08,682
Total Nacional,02 Aragón,44 Teruel,Viviendas turísticas,2023M02,643
Total Nacional,02 Aragón,44 Teruel,Viviendas turísticas,2022M08,640
Total Nacional,02 Aragón,44 Teruel,Viviendas turísticas,2022M02,595
Total Nacional,02 Aragón,44 Teruel,Viviendas turísticas,2021M08,651
Total Nacional,02 Aragón,44 Teruel,Viviendas turísticas,2021M02,635
Total Nacional,02 Aragón,44 Teruel,Viviendas turísticas,2020M08,654
Total Nacional,02 Aragón,50 Zaragoza,Viviendas turísticas,2025M05,"1,26"
Total Nacional,02 Aragón,50 Zaragoza,Viviendas turísticas,2024M11,"1,381"
Total Nacional,02 Aragón,50 Zaragoza,Viviendas turísticas,2024M08,"1,381"
Total Nacional,02 Aragón,50 Zaragoza,Viviendas turísticas,2024M02,"1,253"
Total Nacional,02 Aragón,50 Zaragoza,Viviendas turísticas,2023M08,993
Total Nacional,02 Aragón,50 Zaragoza,Viviendas turísticas,2023M02,996
Total Nacional,02 Aragón,50 Zaragoza,Viviendas turísticas,2022M08,921
Total Nacional,02 Aragón,50 Zaragoza,Viviendas turísticas,2022M02,854
Total Nacional,02 Aragón,50 Zaragoza,Viviendas turísticas,2021M08,911
Total Nacional,02 Aragón,50 Zaragoza,Viviendas turísticas,2021M02,919
Total Nacional,02 Aragón,50 Zaragoza,Viviendas turísticas,2020M08,980
Total Nacional,"03 Asturias, Principado de",33 Asturias,Viviendas turísticas,2025M05,"7,697"
Total Nacional,"03 Asturias, Principado de",33 Asturias,Viviendas turísticas,2024M11,"7,649"
Total Nacional,"03 Asturias, Principado de",33 Asturias,Viviendas turísticas,2024M08,"8,751"
Total Nacional,"03 Asturias, Principado de",33 Asturias,Viviendas turísticas,2024M02,"7,24"
Total Nacional,"03 Asturias, Principado de",33 Asturias,Viviendas turísticas,2023M08,"7,036"
Total Nacional,"03 Asturias, Principado de",33 Asturias,Viviendas turísticas,2023M02,"5,81"
Total Nacional,"03 Asturias, Principado de",33 Asturias,Viviendas turísticas,2022M08,"6,11"
Total Nacional,"03 Asturias, Principado de",33 Asturias,Viviendas turísticas,2022M02,"4,723"
Total Nacional,"03 Asturias, Principado de",33 Asturias,Viviendas turísticas,2021M08,"5,176"
Total Nacional,"03 Asturias, Principado de",33 Asturias,Viviendas turísticas,2021M02,"4,373"
Total Nacional,"03 Asturias, Principado de",33 Asturias,Viviendas turísticas,2020M08,"4,891"
Total Nacional,"04 Balears, Illes","07 Balears, Illes",Viviendas turísticas,2025M05,"24,361"
Total Nacional,"04 Balears, Illes","07 Balears, Illes",Viviendas turísticas,2024M11,"24,19"
Total Nacional,"04 Balears, Illes","07 Balears, Illes",Viviendas turísticas,2024M08,"26,979"
Total Nacional,"04 Balears, Illes","07 Balears, Illes",Viviendas turísticas,2024M02,"25,073"
Total Nacional,"04 Balears, Illes","07 Balears, Illes",Viviendas turísticas,2023M08,"26,507"
Total Nacional,"04 Balears, Illes","07 Balears, Illes",Viviendas turísticas,2023M02,"25,393"
Total Nacional,"04 Balears, Illes","07 Balears, Illes",Viviendas turísticas,2022M08,"27,038"
Total Nacional,"04 Balears, Illes","07 Balears, Illes",Viviendas turísticas,2022M02,"26,458"
Total Nacional,"04 Balears, Illes","07 Balears, Illes",Viviendas turísticas,2021M08,"29,211"
Total Nacional,"04 Balears, Illes","07 Balears, Illes",Viviendas turísticas,2021M02,"27,703"
Total Nacional,"04 Balears, Illes","07 Balears, Illes",Viviendas turísticas,2020M08,"29,237"
Total Nacional,05 Canarias,"35 Palmas, Las",Viviendas turísticas,2025M05,"27,038"
Total Nacional,05 Canarias,"35 Palmas, Las",Viviendas turísticas,2024M11,"27,217"
Total Nacional,05 Canarias,"35 Palmas, Las",Viviendas turísticas,2024M08,"27,106"
Total Nacional,05 Canarias,"35 Palmas, Las",Viviendas turísticas,2024M02,"25,07"
Total Nacional,05 Canarias,"35 Palmas, Las",Viviendas turísticas,2023M08,"24,062"
Total Nacional,05 Canarias,"35 Palmas, Las",Viviendas turísticas,2023M02,"23,161"
Total Nacional,05 Canarias,"35 Palmas, Las",Viviendas turísticas,2022M08,"22,209"
Total Nacional,05 Canarias,"35 Palmas, Las",Viviendas turísticas,2022M02,"21,095"
Total Nacional,05 Canarias,"35 Palmas, Las",Viviendas turísticas,2021M08,"21,097"
Total Nacional,05 Canarias,"35 Palmas, Las",Viviendas turísticas,2021M02,"20,462"
Total Nacional,05 Canarias,"35 Palmas, Las",Viviendas turísticas,2020M08,"20,272"
Total Nacional,05 Canarias,38 Santa Cruz de Tenerife,Viviendas turísticas,2025M05,"23,648"
Total Nacional,05 Canarias,38 Santa Cruz de Tenerife,Viviendas turísticas,2024M11,"24,069"
Total Nacional,05 Canarias,38 Santa Cruz de Tenerife,Viviendas turísticas,2024M08,"24,049"
Total Nacional,05 Canarias,38 Santa Cruz de Tenerife,Viviendas turísticas,2024M02,"21,714"
Total Nacional,05 Canarias,38 Santa Cruz de Tenerife,Viviendas turísticas,2023M08,"20,314"
Total Nacional,05 Canarias,38 Santa Cruz de Tenerife,Viviendas turísticas,2023M02,"19,49"
Total Nacional,05 Canarias,38 Santa Cruz de Tenerife,Viviendas turísticas,2022M08,"18,726"
Total Nacional,05 Canarias,38 Santa Cruz de Tenerife,Viviendas turísticas,2022M02,"17,673"
Total Nacional,05 Canarias,38 Santa Cruz de Tenerife,Viviendas turísticas,2021M08,"18,23"
Total Nacional,05 Canarias,38 Santa Cruz de Tenerife,Viviendas turísticas,2021M02,"17,393"
Total Nacional,05 Canarias,38 Santa Cruz de Tenerife,Viviendas turísticas,2020M08,"17,519"
Total Nacional,06 Cantabria,39 Cantabria,Viviendas turísticas,2025M05,"7,698"
Total Nacional,06 Cantabria,39 Cantabria,Viviendas turísticas,2024M11,"7,496"
Total Nacional,06 Cantabria,39 Cantabria,Viviendas turísticas,2024M08,"8,678"
Total Nacional,06 Cantabria,39 Cantabria,Viviendas turísticas,2024M02,"6,954"
Total Nacional,06 Cantabria,39 Cantabria,Viviendas turísticas,2023M08,"6,92"
Total Nacional,06 Cantabria,39 Cantabria,Viviendas turísticas,2023M02,"5,701"
Total Nacional,06 Cantabria,39 Cantabria,Viviendas turísticas,2022M08,"6,281"
Total Nacional,06 Cantabria,39 Cantabria,Viviendas turísticas,2022M02,"4,826"
Total Nacional,06 Cantabria,39 Cantabria,Viviendas turísticas,2021M08,"5,362"
Total Nacional,06 Cantabria,39 Cantabria,Viviendas turísticas,2021M02,"4,323"
Total Nacional,06 Cantabria,39 Cantabria,Viviendas turísticas,2020M08,"4,886"
Total Nacional,07 Castilla y León,05 Ávila,Viviendas turísticas,2025M05,"1,327"
Total Nacional,07 Castilla y León,05 Ávila,Viviendas turísticas,2024M11,"1,328"
Total Nacional,07 Castilla y León,05 Ávila,Viviendas turísticas,2024M08,"1,363"
Total Nacional,07 Castilla y León,05 Ávila,Viviendas turísticas,2024M02,"1,126"
Total Nacional,07 Castilla y León,05 Ávila,Viviendas turísticas,2023M08,"1,121"
Total Nacional,07 Castilla y León,05 Ávila,Viviendas turísticas,2023M02,"1,016"
Total Nacional,07 Castilla y León,05 Ávila,Viviendas turísticas,2022M08,992
Total Nacional,07 Castilla y León,05 Ávila,Viviendas turísticas,2022M02,852
Total Nacional,07 Castilla y León,05 Ávila,Viviendas turísticas,2021M08,847
Total Nacional,07 Castilla y León,05 Ávila,Viviendas turísticas,2021M02,786
Total Nacional,07 Castilla y León,05 Ávila,Viviendas turísticas,2020M08,799
Total Nacional,07 Castilla y León,09 Burgos,Viviendas turísticas,2025M05,"1,005"
Total Nacional,07 Castilla y León,09 Burgos,Viviendas turísticas,2024M11,973
Total Nacional,07 Castilla y León,09 Burgos,Viviendas turísticas,2024M08,"1,03"
Total Nacional,07 Castilla y León,09 Burgos,Viviendas turísticas,2024M02,843
Total Nacional,07 Castilla y León,09 Burgos,Viviendas turísticas,2023M08,779
Total Nacional,07 Castilla y León,09 Burgos,Viviendas turísticas,2023M02,720
Total Nacional,07 Castilla y León,09 Burgos,Viviendas turísticas,2022M08,710
Total Nacional,07 Castilla y León,09 Burgos,Viviendas turísticas,2022M02,631
Total Nacional,07 Castilla y León,09 Burgos,Viviendas turísticas,2021M08,619
Total Nacional,07 Castilla y León,09 Burgos,Viviendas turísticas,2021M02,594
Total Nacional,07 Castilla y León,09 Burgos,Viviendas turísticas,2020M08,627
Total Nacional,07 Castilla y León,24 León,Viviendas turísticas,2025M05,"1,537"
Total Nacional,07 Castilla y León,24 León,Viviendas turísticas,2024M11,"1,538"
Total Nacional,07 Castilla y León,24 León,Viviendas turísticas,2024M08,"1,605"
Total Nacional,07 Castilla y León,24 León,Viviendas turísticas,2024M02,"1,33"
Total Nacional,07 Castilla y León,24 León,Viviendas turísticas,2023M08,"1,226"
Total Nacional,07 Castilla y León,24 León,Viviendas turísticas,2023M02,"1,128"
Total Nacional,07 Castilla y León,24 León,Viviendas turísticas,2022M08,"1,124"
Total Nacional,07 Castilla y León,24 León,Viviendas turísticas,2022M02,986
Total Nacional,07 Castilla y León,24 León,Viviendas turísticas,2021M08,"1,026"
Total Nacional,07 Castilla y León,24 León,Viviendas turísticas,2021M02,928
Total Nacional,07 Castilla y León,24 León,Viviendas turísticas,2020M08,"1,002"
Total Nacional,07 Castilla y León,34 Palencia,Viviendas turísticas,2025M05,239
Total Nacional,07 Castilla y León,34 Palencia,Viviendas turísticas,2024M11,234
Total Nacional,07 Castilla y León,34 Palencia,Viviendas turísticas,2024M08,228
Total Nacional,07 Castilla y León,34 Palencia,Viviendas turísticas,2024M02,187
Total Nacional,07 Castilla y León,34 Palencia,Viviendas turísticas,2023M08,178
Total Nacional,07 Castilla y León,34 Palencia,Viviendas turísticas,2023M02,167
Total Nacional,07 Castilla y León,34 Palencia,Viviendas turísticas,2022M08,156
Total Nacional,07 Castilla y León,34 Palencia,Viviendas turísticas,2022M02,168
Total Nacional,07 Castilla y León,34 Palencia,Viviendas turísticas,2021M08,166
Total Nacional,07 Castilla y León,34 Palencia,Viviendas turísticas,2021M02,152
Total Nacional,07 Castilla y León,34 Palencia,Viviendas turísticas,2020M08,145
Total Nacional,07 Castilla y León,37 Salamanca,Viviendas turísticas,2025M05,"1,41"
Total Nacional,07 Castilla y León,37 Salamanca,Viviendas turísticas,2024M11,"1,454"
Total Nacional,07 Castilla y León,37 Salamanca,Viviendas turísticas,2024M08,"1,512"
Total Nacional,07 Castilla y León,37 Salamanca,Viviendas turísticas,2024M02,"1,378"
Total Nacional,07 Castilla y León,37 Salamanca,Viviendas turísticas,2023M08,"1,192"
Total Nacional,07 Castilla y León,37 Salamanca,Viviendas turísticas,2023M02,"1,184"
Total Nacional,07 Castilla y León,37 Salamanca,Viviendas turísticas,2022M08,"1,198"
Total Nacional,07 Castilla y León,37 Salamanca,Viviendas turísticas,2022M02,"1,145"
Total Nacional,07 Castilla y León,37 Salamanca,Viviendas turísticas,2021M08,"1,182"
Total Nacional,07 Castilla y León,37 Salamanca,Viviendas turísticas,2021M02,"1,192"
Total Nacional,07 Castilla y León,37 Salamanca,Viviendas turísticas,2020M08,"1,314"
Total Nacional,07 Castilla y León,40 Segovia,Viviendas turísticas,2025M05,978
Total Nacional,07 Castilla y León,40 Segovia,Viviendas turísticas,2024M11,982
Total Nacional,07 Castilla y León,40 Segovia,Viviendas turísticas,2024M08,985
Total Nacional,07 Castilla y León,40 Segovia,Viviendas turísticas,2024M02,833
Total Nacional,07 Castilla y León,40 Segovia,Viviendas turísticas,2023M08,768
Total Nacional,07 Castilla y León,40 Segovia,Viviendas turísticas,2023M02,737
Total Nacional,07 Castilla y León,40 Segovia,Viviendas turísticas,2022M08,730
Total Nacional,07 Castilla y León,40 Segovia,Viviendas turísticas,2022M02,649
Total Nacional,07 Castilla y León,40 Segovia,Viviendas turísticas,2021M08,692
Total Nacional,07 Castilla y León,40 Segovia,Viviendas turísticas,2021M02,680
Total Nacional,07 Castilla y León,40 Segovia,Viviendas turísticas,2020M08,769
Total Nacional,07 Castilla y León,42 Soria,Viviendas turísticas,2025M05,550
Total Nacional,07 Castilla y León,42 Soria,Viviendas turísticas,2024M11,531
Total Nacional,07 Castilla y León,42 Soria,Viviendas turísticas,2024M08,527
Total Nacional,07 Castilla y León,42 Soria,Viviendas turísticas,2024M02,409
Total Nacional,07 Castilla y León,42 Soria,Viviendas turísticas,2023M08,386
Total Nacional,07 Castilla y León,42 Soria,Viviendas turísticas,2023M02,363
Total Nacional,07 Castilla y León,42 Soria,Viviendas turísticas,2022M08,377
Total Nacional,07 Castilla y León,42 Soria,Viviendas turísticas,2022M02,339
Total Nacional,07 Castilla y León,42 Soria,Viviendas turísticas,2021M08,346
Total Nacional,07 Castilla y León,42 Soria,Viviendas turísticas,2021M02,295
Total Nacional,07 Castilla y León,42 Soria,Viviendas turísticas,2020M08,320
Total Nacional,07 Castilla y León,47 Valladolid,Viviendas turísticas,2025M05,629
Total Nacional,07 Castilla y León,47 Valladolid,Viviendas turísticas,2024M11,646
Total Nacional,07 Castilla y León,47 Valladolid,Viviendas turísticas,2024M08,667
Total Nacional,07 Castilla y León,47 Valladolid,Viviendas turísticas,2024M02,611
Total Nacional,07 Castilla y León,47 Valladolid,Viviendas turísticas,2023M08,507
Total Nacional,07 Castilla y León,47 Valladolid,Viviendas turísticas,2023M02,505
Total Nacional,07 Castilla y León,47 Valladolid,Viviendas turísticas,2022M08,462
Total Nacional,07 Castilla y León,47 Valladolid,Viviendas turísticas,2022M02,449
Total Nacional,07 Castilla y León,47 Valladolid,Viviendas turísticas,2021M08,458
Total Nacional,07 Castilla y León,47 Valladolid,Viviendas turísticas,2021M02,432
Total Nacional,07 Castilla y León,47 Valladolid,Viviendas turísticas,2020M08,443
Total Nacional,07 Castilla y León,49 Zamora,Viviendas turísticas,2025M05,546
Total Nacional,07 Castilla y León,49 Zamora,Viviendas turísticas,2024M11,558
Total Nacional,07 Castilla y León,49 Zamora,Viviendas turísticas,2024M08,570
Total Nacional,07 Castilla y León,49 Zamora,Viviendas turísticas,2024M02,489
Total Nacional,07 Castilla y León,49 Zamora,Viviendas turísticas,2023M08,455
Total Nacional,07 Castilla y León,49 Zamora,Viviendas turísticas,2023M02,411
Total Nacional,07 Castilla y León,49 Zamora,Viviendas turísticas,2022M08,422
Total Nacional,07 Castilla y León,49 Zamora,Viviendas turísticas,2022M02,393
Total Nacional,07 Castilla y León,49 Zamora,Viviendas turísticas,2021M08,399
Total Nacional,07 Castilla y León,49 Zamora,Viviendas turísticas,2021M02,344
Total Nacional,07 Castilla y León,49 Zamora,Viviendas turísticas,2020M08,375
Total Nacional,08 Castilla - La Mancha,02 Albacete,Viviendas turísticas,2025M05,"1,112"
Total Nacional,08 Castilla - La Mancha,02 Albacete,Viviendas turísticas,2024M11,"1,096"
Total Nacional,08 Castilla - La Mancha,02 Albacete,Viviendas turísticas,2024M08,"1,088"
Total Nacional,08 Castilla - La Mancha,02 Albacete,Viviendas turísticas,2024M02,955
Total Nacional,08 Castilla - La Mancha,02 Albacete,Viviendas turísticas,2023M08,882
Total Nacional,08 Castilla - La Mancha,02 Albacete,Viviendas turísticas,2023M02,808
Total Nacional,08 Castilla - La Mancha,02 Albacete,Viviendas turísticas,2022M08,722
Total Nacional,08 Castilla - La Mancha,02 Albacete,Viviendas turísticas,2022M02,653
Total Nacional,08 Castilla - La Mancha,02 Albacete,Viviendas turísticas,2021M08,626
Total Nacional,08 Castilla - La Mancha,02 Albacete,Viviendas turísticas,2021M02,602
Total Nacional,08 Castilla - La Mancha,02 Albacete,Viviendas turísticas,2020M08,587
Total Nacional,08 Castilla - La Mancha,13 Ciudad Real,Viviendas turísticas,2025M05,814
Total Nacional,08 Castilla - La Mancha,13 Ciudad Real,Viviendas turísticas,2024M11,844
Total Nacional,08 Castilla - La Mancha,13 Ciudad Real,Viviendas turísticas,2024M08,841
Total Nacional,08 Castilla - La Mancha,13 Ciudad Real,Viviendas turísticas,2024M02,727
Total Nacional,08 Castilla - La Mancha,13 Ciudad Real,Viviendas turísticas,2023M08,641
Total Nacional,08 Castilla - La Mancha,13 Ciudad Real,Viviendas turísticas,2023M02,629
Total Nacional,08 Castilla - La Mancha,13 Ciudad Real,Viviendas turísticas,2022M08,592
Total Nacional,08 Castilla - La Mancha,13 Ciudad Real,Viviendas turísticas,2022M02,539
Total Nacional,08 Castilla - La Mancha,13 Ciudad Real,Viviendas turísticas,2021M08,544
Total Nacional,08 Castilla - La Mancha,13 Ciudad Real,Viviendas turísticas,2021M02,492
Total Nacional,08 Castilla - La Mancha,13 Ciudad Real,Viviendas turísticas,2020M08,511
Total Nacional,08 Castilla - La Mancha,16 Cuenca,Viviendas turísticas,2025M05,951
Total Nacional,08 Castilla - La Mancha,16 Cuenca,Viviendas turísticas,2024M11,933
Total Nacional,08 Castilla - La Mancha,16 Cuenca,Viviendas turísticas,2024M08,970
Total Nacional,08 Castilla - La Mancha,16 Cuenca,Viviendas turísticas,2024M02,876
Total Nacional,08 Castilla - La Mancha,16 Cuenca,Viviendas turísticas,2023M08,785
Total Nacional,08 Castilla - La Mancha,16 Cuenca,Viviendas turísticas,2023M02,749
Total Nacional,08 Castilla - La Mancha,16 Cuenca,Viviendas turísticas,2022M08,702
Total Nacional,08 Castilla - La Mancha,16 Cuenca,Viviendas turísticas,2022M02,646
Total Nacional,08 Castilla - La Mancha,16 Cuenca,Viviendas turísticas,2021M08,679
Total Nacional,08 Castilla - La Mancha,16 Cuenca,Viviendas turísticas,2021M02,600
Total Nacional,08 Castilla - La Mancha,16 Cuenca,Viviendas turísticas,2020M08,643
Total Nacional,08 Castilla - La Mancha,19 Guadalajara,Viviendas turísticas,2025M05,679
Total Nacional,08 Castilla - La Mancha,19 Guadalajara,Viviendas turísticas,2024M11,683
Total Nacional,08 Castilla - La Mancha,19 Guadalajara,Viviendas turísticas,2024M08,700
Total Nacional,08 Castilla - La Mancha,19 Guadalajara,Viviendas turísticas,2024M02,590
Total Nacional,08 Castilla - La Mancha,19 Guadalajara,Viviendas turísticas,2023M08,522
Total Nacional,08 Castilla - La Mancha,19 Guadalajara,Viviendas turísticas,2023M02,489
Total Nacional,08 Castilla - La Mancha,19 Guadalajara,Viviendas turísticas,2022M08,491
Total Nacional,08 Castilla - La Mancha,19 Guadalajara,Viviendas turísticas,2022M02,469
Total Nacional,08 Castilla - La Mancha,19 Guadalajara,Viviendas turísticas,2021M08,466
Total Nacional,08 Castilla - La Mancha,19 Guadalajara,Viviendas turísticas,2021M02,438
Total Nacional,08 Castilla - La Mancha,19 Guadalajara,Viviendas turísticas,2020M08,447
Total Nacional,08 Castilla - La Mancha,45 Toledo,Viviendas turísticas,2025M05,"1,668"
Total Nacional,08 Castilla - La Mancha,45 Toledo,Viviendas turísticas,2024M11,"1,686"
Total Nacional,08 Castilla - La Mancha,45 Toledo,Viviendas turísticas,2024M08,"1,646"
Total Nacional,08 Castilla - La Mancha,45 Toledo,Viviendas turísticas,2024M02,"1,455"
Total Nacional,08 Castilla - La Mancha,45 Toledo,Viviendas turísticas,2023M08,"1,29"
Total Nacional,08 Castilla - La Mancha,45 Toledo,Viviendas turísticas,2023M02,"1,216"
Total Nacional,08 Castilla - La Mancha,45 Toledo,Viviendas turísticas,2022M08,"1,148"
Total Nacional,08 Castilla - La Mancha,45 Toledo,Viviendas turísticas,2022M02,"1,045"
Total Nacional,08 Castilla - La Mancha,45 Toledo,Viviendas turísticas,2021M08,"1,029"
Total Nacional,08 Castilla - La Mancha,45 Toledo,Viviendas turísticas,2021M02,"1,059"
Total Nacional,08 Castilla - La Mancha,45 Toledo,Viviendas turísticas,2020M08,"1,139"
Total Nacional,09 Cataluña,08 Barcelona,Viviendas turísticas,2025M05,"18,113"
Total Nacional,09 Cataluña,08 Barcelona,Viviendas turísticas,2024M11,"18,157"
Total Nacional,09 Cataluña,08 Barcelona,Viviendas turísticas,2024M08,"18,69"
Total Nacional,09 Cataluña,08 Barcelona,Viviendas turísticas,2024M02,"16,768"
Total Nacional,09 Cataluña,08 Barcelona,Viviendas turísticas,2023M08,"14,713"
Total Nacional,09 Cataluña,08 Barcelona,Viviendas turísticas,2023M02,"14,188"
Total Nacional,09 Cataluña,08 Barcelona,Viviendas turísticas,2022M08,"14,807"
Total Nacional,09 Cataluña,08 Barcelona,Viviendas turísticas,2022M02,"18,953"
Total Nacional,09 Cataluña,08 Barcelona,Viviendas turísticas,2021M08,"20,763"
Total Nacional,09 Cataluña,08 Barcelona,Viviendas turísticas,2021M02,"22,635"
Total Nacional,09 Cataluña,08 Barcelona,Viviendas turísticas,2020M08,"25,956"
Total Nacional,09 Cataluña,17 Girona,Viviendas turísticas,2025M05,"22,998"
Total Nacional,09 Cataluña,17 Girona,Viviendas turísticas,2024M11,"20,11"
Total Nacional,09 Cataluña,17 Girona,Viviendas turísticas,2024M08,"23,261"
Total Nacional,09 Cataluña,17 Girona,Viviendas turísticas,2024M02,"20,721"
Total Nacional,09 Cataluña,17 Girona,Viviendas turísticas,2023M08,"21,632"
Total Nacional,09 Cataluña,17 Girona,Viviendas turísticas,2023M02,"18,498"
Total Nacional,09 Cataluña,17 Girona,Viviendas turísticas,2022M08,"20,298"
Total Nacional,09 Cataluña,17 Girona,Viviendas turísticas,2022M02,"18,033"
Total Nacional,09 Cataluña,17 Girona,Viviendas turísticas,2021M08,"21,438"
Total Nacional,09 Cataluña,17 Girona,Viviendas turísticas,2021M02,"19,137"
Total Nacional,09 Cataluña,17 Girona,Viviendas turísticas,2020M08,"22,106"
Total Nacional,09 Cataluña,25 Lleida,Viviendas turísticas,2025M05,"2,725"
Total Nacional,09 Cataluña,25 Lleida,Viviendas turísticas,2024M11,"2,83"
Total Nacional,09 Cataluña,25 Lleida,Viviendas turísticas,2024M08,"2,953"
Total Nacional,09 Cataluña,25 Lleida,Viviendas turísticas,2024M02,"2,827"
Total Nacional,09 Cataluña,25 Lleida,Viviendas turísticas,2023M08,"2,783"
Total Nacional,09 Cataluña,25 Lleida,Viviendas turísticas,2023M02,"2,669"
Total Nacional,09 Cataluña,25 Lleida,Viviendas turísticas,2022M08,"2,568"
Total Nacional,09 Cataluña,25 Lleida,Viviendas turísticas,2022M02,"2,481"
Total Nacional,09 Cataluña,25 Lleida,Viviendas turísticas,2021M08,"2,592"
Total Nacional,09 Cataluña,25 Lleida,Viviendas turísticas,2021M02,"2,37"
Total Nacional,09 Cataluña,25 Lleida,Viviendas turísticas,2020M08,"2,449"
Total Nacional,09 Cataluña,43 Tarragona,Viviendas turísticas,2025M05,"13,015"
Total Nacional,09 Cataluña,43 Tarragona,Viviendas turísticas,2024M11,"11,773"
Total Nacional,09 Cataluña,43 Tarragona,Viviendas turísticas,2024M08,"13,801"
Total Nacional,09 Cataluña,43 Tarragona,Viviendas turísticas,2024M02,"12,282"
Total Nacional,09 Cataluña,43 Tarragona,Viviendas turísticas,2023M08,"12,898"
Total Nacional,09 Cataluña,43 Tarragona,Viviendas turísticas,2023M02,"10,354"
Total Nacional,09 Cataluña,43 Tarragona,Viviendas turísticas,2022M08,"11,592"
Total Nacional,09 Cataluña,43 Tarragona,Viviendas turísticas,2022M02,"10,121"
Total Nacional,09 Cataluña,43 Tarragona,Viviendas turísticas,2021M08,"11,7"
Total Nacional,09 Cataluña,43 Tarragona,Viviendas turísticas,2021M02,"10,504"
Total Nacional,09 Cataluña,43 Tarragona,Viviendas turísticas,2020M08,"12,688"
Total Nacional,10 Comunitat Valenciana,03 Alicante/Alacant,Viviendas turísticas,2025M05,"40,273"
Total Nacional,10 Comunitat Valenciana,03 Alicante/Alacant,Viviendas turísticas,2024M11,"41,179"
Total Nacional,10 Comunitat Valenciana,03 Alicante/Alacant,Viviendas turísticas,2024M08,"44,589"
Total Nacional,10 Comunitat Valenciana,03 Alicante/Alacant,Viviendas turísticas,2024M02,"38,007"
Total Nacional,10 Comunitat Valenciana,03 Alicante/Alacant,Viviendas turísticas,2023M08,"37,962"
Total Nacional,10 Comunitat Valenciana,03 Alicante/Alacant,Viviendas turísticas,2023M02,"33,115"
Total Nacional,10 Comunitat Valenciana,03 Alicante/Alacant,Viviendas turísticas,2022M08,"34,061"
Total Nacional,10 Comunitat Valenciana,03 Alicante/Alacant,Viviendas turísticas,2022M02,"31,946"
Total Nacional,10 Comunitat Valenciana,03 Alicante/Alacant,Viviendas turísticas,2021M08,"33,776"
Total Nacional,10 Comunitat Valenciana,03 Alicante/Alacant,Viviendas turísticas,2021M02,"33,391"
Total Nacional,10 Comunitat Valenciana,03 Alicante/Alacant,Viviendas turísticas,2020M08,"35,716"
Total Nacional,10 Comunitat Valenciana,12 Castellón/Castelló,Viviendas turísticas,2025M05,"7,659"
Total Nacional,10 Comunitat Valenciana,12 Castellón/Castelló,Viviendas turísticas,2024M11,"7,273"
Total Nacional,10 Comunitat Valenciana,12 Castellón/Castelló,Viviendas turísticas,2024M08,"8,704"
Total Nacional,10 Comunitat Valenciana,12 Castellón/Castelló,Viviendas turísticas,2024M02,"6,807"
Total Nacional,10 Comunitat Valenciana,12 Castellón/Castelló,Viviendas turísticas,2023M08,"7,02"
Total Nacional,10 Comunitat Valenciana,12 Castellón/Castelló,Viviendas turísticas,2023M02,"5,527"
Total Nacional,10 Comunitat Valenciana,12 Castellón/Castelló,Viviendas turísticas,2022M08,"6,1"
Total Nacional,10 Comunitat Valenciana,12 Castellón/Castelló,Viviendas turísticas,2022M02,"4,914"
Total Nacional,10 Comunitat Valenciana,12 Castellón/Castelló,Viviendas turísticas,2021M08,"5,69"
Total Nacional,10 Comunitat Valenciana,12 Castellón/Castelló,Viviendas turísticas,2021M02,"4,75"
Total Nacional,10 Comunitat Valenciana,12 Castellón/Castelló,Viviendas turísticas,2020M08,"5,574"
Total Nacional,10 Comunitat Valenciana,46 Valencia/València,Viviendas turísticas,2025M05,"15,258"
Total Nacional,10 Comunitat Valenciana,46 Valencia/València,Viviendas turísticas,2024M11,"16,293"
Total Nacional,10 Comunitat Valenciana,46 Valencia/València,Viviendas turísticas,2024M08,"17,853"
Total Nacional,10 Comunitat Valenciana,46 Valencia/València,Viviendas turísticas,2024M02,"14,599"
Total Nacional,10 Comunitat Valenciana,46 Valencia/València,Viviendas turísticas,2023M08,"13,355"
Total Nacional,10 Comunitat Valenciana,46 Valencia/València,Viviendas turísticas,2023M02,"11,308"
Total Nacional,10 Comunitat Valenciana,46 Valencia/València,Viviendas turísticas,2022M08,"11,53"
Total Nacional,10 Comunitat Valenciana,46 Valencia/València,Viviendas turísticas,2022M02,"10,543"
Total Nacional,10 Comunitat Valenciana,46 Valencia/València,Viviendas turísticas,2021M08,"11,581"
Total Nacional,10 Comunitat Valenciana,46 Valencia/València,Viviendas turísticas,2021M02,"11,616"
Total Nacional,10 Comunitat Valenciana,46 Valencia/València,Viviendas turísticas,2020M08,"13,348"
Total Nacional,11 Extremadura,06 Badajoz,Viviendas turísticas,2025M05,657
Total Nacional,11 Extremadura,06 Badajoz,Viviendas turísticas,2024M11,661
Total Nacional,11 Extremadura,06 Badajoz,Viviendas turísticas,2024M08,657
Total Nacional,11 Extremadura,06 Badajoz,Viviendas turísticas,2024M02,550
Total Nacional,11 Extremadura,06 Badajoz,Viviendas turísticas,2023M08,493
Total Nacional,11 Extremadura,06 Badajoz,Viviendas turísticas,2023M02,462
Total Nacional,11 Extremadura,06 Badajoz,Viviendas turísticas,2022M08,430
Total Nacional,11 Extremadura,06 Badajoz,Viviendas turísticas,2022M02,338
Total Nacional,11 Extremadura,06 Badajoz,Viviendas turísticas,2021M08,326
Total Nacional,11 Extremadura,06 Badajoz,Viviendas turísticas,2021M02,330
Total Nacional,11 Extremadura,06 Badajoz,Viviendas turísticas,2020M08,384
Total Nacional,11 Extremadura,10 Cáceres,Viviendas turísticas,2025M05,"1,348"
Total Nacional,11 Extremadura,10 Cáceres,Viviendas turísticas,2024M11,"1,372"
Total Nacional,11 Extremadura,10 Cáceres,Viviendas turísticas,2024M08,"1,367"
Total Nacional,11 Extremadura,10 Cáceres,Viviendas turísticas,2024M02,"1,209"
Total Nacional,11 Extremadura,10 Cáceres,Viviendas turísticas,2023M08,"1,099"
Total Nacional,11 Extremadura,10 Cáceres,Viviendas turísticas,2023M02,"1,058"
Total Nacional,11 Extremadura,10 Cáceres,Viviendas turísticas,2022M08,"1,048"
Total Nacional,11 Extremadura,10 Cáceres,Viviendas turísticas,2022M02,944
Total Nacional,11 Extremadura,10 Cáceres,Viviendas turísticas,2021M08,963
Total Nacional,11 Extremadura,10 Cáceres,Viviendas turísticas,2021M02,938
Total Nacional,11 Extremadura,10 Cáceres,Viviendas turísticas,2020M08,982
Total Nacional,12 Galicia,"15 Coruña, A",Viviendas turísticas,2025M05,"7,114"
Total Nacional,12 Galicia,"15 Coruña, A",Viviendas turísticas,2024M11,"7,156"
Total Nacional,12 Galicia,"15 Coruña, A",Viviendas turísticas,2024M08,"8,129"
Total Nacional,12 Galicia,"15 Coruña, A",Viviendas turísticas,2024M02,"6,66"
Total Nacional,12 Galicia,"15 Coruña, A",Viviendas turísticas,2023M08,"6,694"
Total Nacional,12 Galicia,"15 Coruña, A",Viviendas turísticas,2023M02,"5,628"
Total Nacional,12 Galicia,"15 Coruña, A",Viviendas turísticas,2022M08,"6,109"
Total Nacional,12 Galicia,"15 Coruña, A",Viviendas turísticas,2022M02,"4,981"
Total Nacional,12 Galicia,"15 Coruña, A",Viviendas turísticas,2021M08,"5,244"
Total Nacional,12 Galicia,"15 Coruña, A",Viviendas turísticas,2021M02,"4,536"
Total Nacional,12 Galicia,"15 Coruña, A",Viviendas turísticas,2020M08,"4,963"
Total Nacional,12 Galicia,27 Lugo,Viviendas turísticas,2025M05,"2,751"
Total Nacional,12 Galicia,27 Lugo,Viviendas turísticas,2024M11,"2,679"
Total Nacional,12 Galicia,27 Lugo,Viviendas turísticas,2024M08,"2,998"
Total Nacional,12 Galicia,27 Lugo,Viviendas turísticas,2024M02,"2,422"
Total Nacional,12 Galicia,27 Lugo,Viviendas turísticas,2023M08,"2,558"
Total Nacional,12 Galicia,27 Lugo,Viviendas turísticas,2023M02,"2,064"
Total Nacional,12 Galicia,27 Lugo,Viviendas turísticas,2022M08,"2,233"
Total Nacional,12 Galicia,27 Lugo,Viviendas turísticas,2022M02,"1,673"
Total Nacional,12 Galicia,27 Lugo,Viviendas turísticas,2021M08,"1,789"
Total Nacional,12 Galicia,27 Lugo,Viviendas turísticas,2021M02,"1,443"
Total Nacional,12 Galicia,27 Lugo,Viviendas turísticas,2020M08,"1,586"
Total Nacional,12 Galicia,32 Ourense,Viviendas turísticas,2025M05,"1,146"
Total Nacional,12 Galicia,32 Ourense,Viviendas turísticas,2024M11,"1,12"
Total Nacional,12 Galicia,32 Ourense,Viviendas turísticas,2024M08,"1,16"
Total Nacional,12 Galicia,32 Ourense,Viviendas turísticas,2024M02,"1,009"
Total Nacional,12 Galicia,32 Ourense,Viviendas turísticas,2023M08,924
Total Nacional,12 Galicia,32 Ourense,Viviendas turísticas,2023M02,790
Total Nacional,12 Galicia,32 Ourense,Viviendas turísticas,2022M08,792
Total Nacional,12 Galicia,32 Ourense,Viviendas turísticas,2022M02,671
Total Nacional,12 Galicia,32 Ourense,Viviendas turísticas,2021M08,669
Total Nacional,12 Galicia,32 Ourense,Viviendas turísticas,2021M02,592
Total Nacional,12 Galicia,32 Ourense,Viviendas turísticas,2020M08,637
Total Nacional,12 Galicia,36 Pontevedra,Viviendas turísticas,2025M05,"8,985"
Total Nacional,12 Galicia,36 Pontevedra,Viviendas turísticas,2024M11,"8,721"
Total Nacional,12 Galicia,36 Pontevedra,Viviendas turísticas,2024M08,"9,697"
Total Nacional,12 Galicia,36 Pontevedra,Viviendas turísticas,2024M02,"7,792"
Total Nacional,12 Galicia,36 Pontevedra,Viviendas turísticas,2023M08,"7,904"
Total Nacional,12 Galicia,36 Pontevedra,Viviendas turísticas,2023M02,"6,293"
Total Nacional,12 Galicia,36 Pontevedra,Viviendas turísticas,2022M08,"6,832"
Total Nacional,12 Galicia,36 Pontevedra,Viviendas turísticas,2022M02,"5,37"
Total Nacional,12 Galicia,36 Pontevedra,Viviendas turísticas,2021M08,"5,8"
Total Nacional,12 Galicia,36 Pontevedra,Viviendas turísticas,2021M02,"4,827"
Total Nacional,12 Galicia,36 Pontevedra,Viviendas turísticas,2020M08,"5,362"
Total Nacional,"13 Madrid, Comunidad de",28 Madrid,Viviendas turísticas,2025M05,"18,555"
Total Nacional,"13 Madrid, Comunidad de",28 Madrid,Viviendas turísticas,2024M11,"20,76"
Total Nacional,"13 Madrid, Comunidad de",28 Madrid,Viviendas turísticas,2024M08,"22,435"
Total Nacional,"13 Madrid, Comunidad de",28 Madrid,Viviendas turísticas,2024M02,"19,456"
Total Nacional,"13 Madrid, Comunidad de",28 Madrid,Viviendas turísticas,2023M08,"16,97"
Total Nacional,"13 Madrid, Comunidad de",28 Madrid,Viviendas turísticas,2023M02,"16,351"
Total Nacional,"13 Madrid, Comunidad de",28 Madrid,Viviendas turísticas,2022M08,"15,763"
Total Nacional,"13 Madrid, Comunidad de",28 Madrid,Viviendas turísticas,2022M02,"15,241"
Total Nacional,"13 Madrid, Comunidad de",28 Madrid,Viviendas turísticas,2021M08,"17,4"
Total Nacional,"13 Madrid, Comunidad de",28 Madrid,Viviendas turísticas,2021M02,"17,802"
Total Nacional,"13 Madrid, Comunidad de",28 Madrid,Viviendas turísticas,2020M08,"19,597"
Total Nacional,"14 Murcia, Región de",30 Murcia,Viviendas turísticas,2025M05,"7,939"
Total Nacional,"14 Murcia, Región de",30 Murcia,Viviendas turísticas,2024M11,"8,406"
Total Nacional,"14 Murcia, Región de",30 Murcia,Viviendas turísticas,2024M08,"8,646"
Total Nacional,"14 Murcia, Región de",30 Murcia,Viviendas turísticas,2024M02,"7,309"
Total Nacional,"14 Murcia, Región de",30 Murcia,Viviendas turísticas,2023M08,"6,952"
Total Nacional,"14 Murcia, Región de",30 Murcia,Viviendas turísticas,2023M02,"6,288"
Total Nacional,"14 Murcia, Región de",30 Murcia,Viviendas turísticas,2022M08,"6,133"
Total Nacional,"14 Murcia, Región de",30 Murcia,Viviendas turísticas,2022M02,"5,554"
Total Nacional,"14 Murcia, Región de",30 Murcia,Viviendas turísticas,2021M08,"5,741"
Total Nacional,"14 Murcia, Región de",30 Murcia,Viviendas turísticas,2021M02,"5,722"
Total Nacional,"14 Murcia, Región de",30 Murcia,Viviendas turísticas,2020M08,"6,146"
Total Nacional,"15 Navarra, Comunidad Foral de",31 Navarra,Viviendas turísticas,2025M05,"1,672"
Total Nacional,"15 Navarra, Comunidad Foral de",31 Navarra,Viviendas turísticas,2024M11,"1,679"
Total Nacional,"15 Navarra, Comunidad Foral de",31 Navarra,Viviendas turísticas,2024M08,"1,783"
Total Nacional,"15 Navarra, Comunidad Foral de",31 Navarra,Viviendas turísticas,2024M02,"1,583"
Total Nacional,"15 Navarra, Comunidad Foral de",31 Navarra,Viviendas turísticas,2023M08,"1,34"
Total Nacional,"15 Navarra, Comunidad Foral de",31 Navarra,Viviendas turísticas,2023M02,"1,236"
Total Nacional,"15 Navarra, Comunidad Foral de",31 Navarra,Viviendas turísticas,2022M08,"1,225"
Total Nacional,"15 Navarra, Comunidad Foral de",31 Navarra,Viviendas turísticas,2022M02,936
Total Nacional,"15 Navarra, Comunidad Foral de",31 Navarra,Viviendas turísticas,2021M08,993
Total Nacional,"15 Navarra, Comunidad Foral de",31 Navarra,Viviendas turísticas,2021M02,993
Total Nacional,"15 Navarra, Comunidad Foral de",31 Navarra,Viviendas turísticas,2020M08,"1,071"
Total Nacional,16 País Vasco,01 Araba/Álava,Viviendas turísticas,2025M05,368
Total Nacional,16 País Vasco,01 Araba/Álava,Viviendas turísticas,2024M11,389
Total Nacional,16 País Vasco,01 Araba/Álava,Viviendas turísticas,2024M08,407
Total Nacional,16 País Vasco,01 Araba/Álava,Viviendas turísticas,2024M02,346
Total Nacional,16 País Vasco,01 Araba/Álava,Viviendas turísticas,2023M08,320
Total Nacional,16 País Vasco,01 Araba/Álava,Viviendas turísticas,2023M02,332
Total Nacional,16 País Vasco,01 Araba/Álava,Viviendas turísticas,2022M08,325
Total Nacional,16 País Vasco,01 Araba/Álava,Viviendas turísticas,2022M02,279
Total Nacional,16 País Vasco,01 Araba/Álava,Viviendas turísticas,2021M08,328
Total Nacional,16 País Vasco,01 Araba/Álava,Viviendas turísticas,2021M02,300
Total Nacional,16 País Vasco,01 Araba/Álava,Viviendas turísticas,2020M08,332
Total Nacional,16 País Vasco,48 Bizkaia,Viviendas turísticas,2025M05,"2,863"
Total Nacional,16 País Vasco,48 Bizkaia,Viviendas turísticas,2024M11,"2,811"
Total Nacional,16 País Vasco,48 Bizkaia,Viviendas turísticas,2024M08,"2,947"
Total Nacional,16 País Vasco,48 Bizkaia,Viviendas turísticas,2024M02,"2,611"
Total Nacional,16 País Vasco,48 Bizkaia,Viviendas turísticas,2023M08,"2,545"
Total Nacional,16 País Vasco,48 Bizkaia,Viviendas turísticas,2023M02,"2,064"
Total Nacional,16 País Vasco,48 Bizkaia,Viviendas turísticas,2022M08,"2,074"
Total Nacional,16 País Vasco,48 Bizkaia,Viviendas turísticas,2022M02,"1,805"
Total Nacional,16 País Vasco,48 Bizkaia,Viviendas turísticas,2021M08,"1,928"
Total Nacional,16 País Vasco,48 Bizkaia,Viviendas turísticas,2021M02,"1,829"
Total Nacional,16 País Vasco,48 Bizkaia,Viviendas turísticas,2020M08,"2,025"
Total Nacional,16 País Vasco,20 Gipuzkoa,Viviendas turísticas,2025M05,"2,236"
Total Nacional,16 País Vasco,20 Gipuzkoa,Viviendas turísticas,2024M11,"2,273"
Total Nacional,16 País Vasco,20 Gipuzkoa,Viviendas turísticas,2024M08,"2,474"
Total Nacional,16 País Vasco,20 Gipuzkoa,Viviendas turísticas,2024M02,"2,183"
Total Nacional,16 País Vasco,20 Gipuzkoa,Viviendas turísticas,2023M08,"2,256"
Total Nacional,16 País Vasco,20 Gipuzkoa,Viviendas turísticas,2023M02,"1,957"
Total Nacional,16 País Vasco,20 Gipuzkoa,Viviendas turísticas,2022M08,"2,294"
Total Nacional,16 País Vasco,20 Gipuzkoa,Viviendas turísticas,2022M02,"1,911"
Total Nacional,16 País Vasco,20 Gipuzkoa,Viviendas turísticas,2021M08,"2,098"
Total Nacional,16 País Vasco,20 Gipuzkoa,Viviendas turísticas,2021M02,"1,887"
Total Nacional,16 País Vasco,20 Gipuzkoa,Viviendas turísticas,2020M08,"2,241"
Total Nacional,"17 Rioja, La","26 Rioja, La",Viviendas turísticas,2025M05,"1,36"
Total Nacional,"17 Rioja, La","26 Rioja, La",Viviendas turísticas,2024M11,"1,38"
Total Nacional,"17 Rioja, La","26 Rioja, La",Viviendas turísticas,2024M08,"1,403"
Total Nacional,"17 Rioja, La","26 Rioja, La",Viviendas turísticas,2024M02,"1,263"
Total Nacional,"17 Rioja, La","26 Rioja, La",Viviendas turísticas,2023M08,"1,228"
Total Nacional,"17 Rioja, La","26 Rioja, La",Viviendas turísticas,2023M02,"1,105"
Total Nacional,"17 Rioja, La","26 Rioja, La",Viviendas turísticas,2022M08,"1,155"
Total Nacional,"17 Rioja, La","26 Rioja, La",Viviendas turísticas,2022M02,"1,05"
Total Nacional,"17 Rioja, La","26 Rioja, La",Viviendas turísticas,2021M08,"1,11"
Total Nacional,"17 Rioja, La","26 Rioja, La",Viviendas turísticas,2021M02,"1,061"
Total Nacional,"17 Rioja, La","26 Rioja, La",Viviendas turísticas,2020M08,"1,139"
Total Nacional,18 Ceuta,51 Ceuta,Viviendas turísticas,2025M05,55
Total Nacional,18 Ceuta,51 Ceuta,Viviendas turísticas,2024M11,57
Total Nacional,18 Ceuta,51 Ceuta,Viviendas turísticas,2024M08,54
Total Nacional,18 Ceuta,51 Ceuta,Viviendas turísticas,2024M02,39
Total Nacional,18 Ceuta,51 Ceuta,Viviendas turísticas,2023M08,47
Total Nacional,18 Ceuta,51 Ceuta,Viviendas turísticas,2023M02,43
Total Nacional,18 Ceuta,51 Ceuta,Viviendas turísticas,2022M08,51
Total Nacional,18 Ceuta,51 Ceuta,Viviendas turísticas,2022M02,47
Total Nacional,18 Ceuta,51 Ceuta,Viviendas turísticas,2021M08,56
Total Nacional,18 Ceuta,51 Ceuta,Viviendas turísticas,2021M02,49
Total Nacional,18 Ceuta,51 Ceuta,Viviendas turísticas,2020M08,66
Total Nacional,19 Melilla,52 Melilla,Viviendas turísticas,2025M05,41
Total Nacional,19 Melilla,52 Melilla,Viviendas turísticas,2024M11,50
Total Nacional,19 Melilla,52 Melilla,Viviendas turísticas,2024M08,57
Total Nacional,19 Melilla,52 Melilla,Viviendas turísticas,2024M02,38
Total Nacional,19 Melilla,52 Melilla,Viviendas turísticas,2023M08,54
Total Nacional,19 Melilla,52 Melilla,Viviendas turísticas,2023M02,55
Total Nacional,19 Melilla,52 Melilla,Viviendas turísticas,2022M08,41
Total Nacional,19 Melilla,52 Melilla,Viviendas turísticas,2022M02,45
Total Nacional,19 Melilla,52 Melilla,Viviendas turísticas,2021M08,46
Total Nacional,19 Melilla,52 Melilla,Viviendas turísticas,2021M02,43
Total Nacional,19 Melilla,52 Melilla,Viviendas turísticas,2020M08,43